Price,Address,Rent Estimate,Beds,Baths,Sq. Ft,Home Type
"$527,947","4th St Ne Apt 2, Washington, DC 20002",$1920/m Estimated Rental Value,2 bed,2 bath,"1,061 sqft.",
,"Trenton Pl Se, Washington, DC 20032",*Rental Value Coming Soon,,,,
,"Marietta Pl Nw, Washington, DC 20011",*Rental Value Coming Soon,1 bed,1 bath,,Condo
,"South St Nw, Washington, DC 20009",*Rental Value Coming Soon,,,,Townhome
,"Pennsylvania Ave Nw, Washington, DC 20004",*Rental Value Coming Soon,,,0 sqft.,
,"New Jersey Ave Se, Washington, DC 20003",*Rental Value Coming Soon,,,0 sqft.,Condo
,"N St Ne, Washington, DC 20002",*Rental Value Coming Soon,,,0 sqft.,
"$631,803","C St Ne, Washington, DC 20002",$2400/m Estimated Rental Value,3 bed,1 bath,"1,224 sqft.",Single-Family
"$623,818","Hamlin St Ne, Washington, DC 20017",$1870/m Estimated Rental Value,3 bed,1.5 bath,"1,284 sqft.",Townhome
,"Georgia Ave Nw # P1, Washington, DC 20010",*Rental Value Coming Soon,,,,Multi-Family
"$336,495","Cathedral Ave Nw Apt 503w, Washington, DC 20016",$2060/m Estimated Rental Value,1 bed,1 bath,,Condo
,"Summit Ct Ne, Washington, DC 20018",*Rental Value Coming Soon,2 bed,2 bath,,Condo
"$414,000","Newcomb St Se, Washington, DC 20032",$1780/m Estimated Rental Value,8 bed,4 bath,"2,880 sqft.",Multi-Family
"$387,087","13th St Nw Apt 414, Washington, DC 20005",$2080/m Estimated Rental Value,1 bed,1 bath,637 sqft.,Condo
"$328,900","Lamont St Nw Apt 3a, Washington, DC 20010",$1920/m Estimated Rental Value,1 bed,1 bath,525 sqft.,Condo
,"Suitland Rd Se # S, Washington, DC 20020",*Rental Value Coming Soon,2 bed,1 bath,850 sqft.,Condo
"$313,313","17th St Se, Washington, DC 20020",$1520/m Estimated Rental Value,3 bed,2 bath,902 sqft.,Townhome
"$681,000","Maryland Ave Ne, Washington, DC 20002",$2310/m Estimated Rental Value,3 bed,2 bath,"1,400 sqft.",Multi-Family
"$322,910","Downing Pl Ne Apt 1, Washington, DC 20018",*Rental Value Coming Soon,2 bed,1 bath,606 sqft.,Condo
"$1,002,253","13th St Nw, Washington, DC 20012",$3660/m Estimated Rental Value,4 bed,4 bath,"2,404 sqft.",Single-Family
"$414,377","Alabama Ave Se, Washington, DC 20020",$2070/m Estimated Rental Value,3 bed,1 bath,"1,164 sqft.",Single-Family
"$1,043,000","Q St Nw, Washington, DC 20001",$2710/m Estimated Rental Value,4 bed,3 bath,"1,653 sqft.",Multi-Family
"$700,582","Underwood St Nw, Washington, DC 20012",$2300/m Estimated Rental Value,3 bed,2 bath,"1,471 sqft.",Single-Family
,"17th St Nw, Washington, DC 20009",*Rental Value Coming Soon,,,"86,244 sqft.",Co-Op
"$499,259","9th St Nw, Washington, DC 20011",$2300/m Estimated Rental Value,4 bed,2 bath,"1,116 sqft.",Townhome
"$662,829","New Hampshire Ave Nw, Washington, DC 20011",$2620/m Estimated Rental Value,3 bed,3 bath,"1,260 sqft.",Townhome
"$441,176","Olive St Ne, Washington, DC 20019",$1920/m Estimated Rental Value,3 bed,3 bath,"1,716 sqft.",Single-Family
,"Delaware Ave Sw, Washington, DC 20024",*Rental Value Coming Soon,,,"363,870 sqft.",Co-Op
"$655,220","14th St Ne, Washington, DC 20017",$2640/m Estimated Rental Value,3 bed,2 bath,"1,152 sqft.",Single-Family
"$1,973,040","16th St Nw, Washington, DC 20012",$4400/m Estimated Rental Value,5 bed,6 bath,"3,692 sqft.",Single-Family
"$537,280","Evarts St Ne, Washington, DC 20018",$2510/m Estimated Rental Value,3 bed,1 bath,"1,340 sqft.",Single-Family
"$1,179,280","Warren St Nw, Washington, DC 20016",$11554/m Estimated Rental Value,3 bed,2 bath,"1,843 sqft.",Single-Family
"$259,338","Minnesota Ave Ne, Washington, DC 20019",$1790/m Estimated Rental Value,3 bed,1 bath,918 sqft.,Single-Family
"$306,947","Blaine St Ne, Washington, DC 20019",$1790/m Estimated Rental Value,3 bed,2 bath,"1,188 sqft.",Single-Family
"$394,708","20th St Se, Washington, DC 20020",$2030/m Estimated Rental Value,3 bed,2 bath,"1,090 sqft.",Single-Family
"$851,735","Bryant St Nw, Washington, DC 20001",$2780/m Estimated Rental Value,4 bed,3 bath,"2,224 sqft.",Townhome
"$221,357","New Hampshire Ave Nw A..., Washington, DC 20009",$1840/m Estimated Rental Value,1 bed,1 bath,336 sqft.,Condo
"$417,037","Congress St Se Apt 101, Washington, DC 20032",$1390/m Estimated Rental Value,3 bed,3 bath,"1,063 sqft.",Condo
,"Vine St Nw, Washington, DC 20012",*Rental Value Coming Soon,,,0 sqft.,
"$937,640","Florida Ave Nw, Washington, DC 20001",$2900/m Estimated Rental Value,,,0 sqft.,
"$572,951","3rd St Nw, Washington, DC 20011",$2730/m Estimated Rental Value,,,0 sqft.,
"$385,871","Eastern Ave Ne, Washington, DC 20019",$1398/m Estimated Rental Value,,,,
"$673,412","Park Rd Nw, Washington, DC 20010",$2630/m Estimated Rental Value,3 bed,2.5 bath,"1,336 sqft.",Single-Family
"$838,513","Duncan St Ne, Washington, DC 20002",$2670/m Estimated Rental Value,3 bed,1 bath,"1,472 sqft.",Single-Family
"$340,257","56th St Ne, Washington, DC 20019",$1790/m Estimated Rental Value,3 bed,2.5 bath,800 sqft.,Single-Family
"$455,689","Massachusetts Ave Nw A..., Washington, DC 20005",$2360/m Estimated Rental Value,1 bed,1 bath,,Condo
"$356,532","32nd St Se, Washington, DC 20020",$2100/m Estimated Rental Value,3 bed,1.5 bath,"1,248 sqft.",Single-Family
,"C St Se # 202, Washington, DC 20003",*Rental Value Coming Soon,,,,
"$414,300","Baker St Ne, Washington, DC 20019",$1420/m Estimated Rental Value,2 bed,1 bath,884 sqft.,Single-Family
"$263,875","L St Nw Apt 520, Washington, DC 20037",$1980/m Estimated Rental Value,,,,Condo
,"H St Nw, Washington, DC 20006",*Rental Value Coming Soon,,,,Commercial
,"North St Ne, Washington, DC 20002",*Rental Value Coming Soon,,,,Townhome
"$283,000","27th St Se, Washington, DC 20020",$2180/m Estimated Rental Value,,,,
,"1st St Nw # 472, Washington, DC 20001",*Rental Value Coming Soon,,,,
"$1,375,962","9th St Nw, Washington, DC 20012",$3140/m Estimated Rental Value,3 bed,2 bath,"1,518 sqft.",Single-Family
"$521,000","5th St Nw, Washington, DC 20011",$2140/m Estimated Rental Value,3 bed,1 bath,800 sqft.,Single-Family
,"Connecticut Ave Nw Apt..., Washington, DC 20008",*Rental Value Coming Soon,,,,
,"1st St Se, Apt 1209, Washington, DC 20003",*Rental Value Coming Soon,,,,
,"Buena Vista Terrace Se, Washington, DC 20020",*Rental Value Coming Soon,6 bed,3 bath,"3,800 sqft.",Multi-Family
"$821,797","Champlain St Nw, Washington, DC 20009",$2850/m Estimated Rental Value,3 bed,2 bath,"1,624 sqft.",Townhome
"$408,717","Eads St Ne, Washington, DC 20019",$1420/m Estimated Rental Value,3 bed,1 bath,"1,040 sqft.",Townhome
"$438,000","Marion St Nw, Washington, DC 20001",$2680/m Estimated Rental Value,,,"128,015 sqft.",Commercial
"$316,101","Hayes St Ne, Washington, DC 20019",$1790/m Estimated Rental Value,3 bed,2 bath,"1,129 sqft.",Single-Family
"$262,112","Connecticut Ave Nw Apt..., Washington, DC 20015",$1740/m Estimated Rental Value,1 bed,1 bath,808 sqft.,Condo
"$450,549","Sheriff Rd Ne, Washington, DC 20019",$1790/m Estimated Rental Value,3 bed,2 bath,"1,782 sqft.",Single-Family
"$668,073","Upshur St Nw, Washington, DC 20011",$2640/m Estimated Rental Value,3 bed,3 bath,"1,352 sqft.",Townhome
"$387,000","Forrester St Sw, Washington, DC 20032",$1720/m Estimated Rental Value,4 bed,4 bath,"2,800 sqft.",Multi-Family
,"51st St Ne Apt 102b, Washington, DC 20019",*Rental Value Coming Soon,,,,
,"Connecticut Ave Nw, Washington, DC 20009",*Rental Value Coming Soon,,,,
"$206,640","14th St Nw Unit 106, Washington, DC 20012",$1520/m Estimated Rental Value,1 bed,1 bath,,Condo
"$768,790","Owen Pl Ne, Washington, DC 20002",$1890/m Estimated Rental Value,3 bed,1 bath,"1,310 sqft.",Single-Family
"$444,501","15th St Ne, Washington, DC 20018",$2150/m Estimated Rental Value,3 bed,1 bath,"1,160 sqft.",Single-Family
,"25th St Se, # B290, Washington, DC 20020",*Rental Value Coming Soon,,,,
,"K St Nw Ste 300, Washington, DC 20006",*Rental Value Coming Soon,,,,
"$852,690","18th St Se, Washington, DC 20003",$2760/m Estimated Rental Value,3 bed,2 bath,960 sqft.,Single-Family
,"Longfellow St Nw Apt 103, Washington, DC 20011",*Rental Value Coming Soon,,,,
,"Naylor Rd Se Apt 103, Washington, DC 20020",*Rental Value Coming Soon,,,,Multi-Family
,"Wheeler Rd Se Apt 103, Washington, DC 20032",*Rental Value Coming Soon,,,,
,"9th St Se, # B3, Washington, DC 20032",*Rental Value Coming Soon,,,,Multi-Family
,"6th St Se, # 103, Washington, DC 20032",*Rental Value Coming Soon,,,,
,"17th Pl Se Apt 103, Washington, DC 20020",*Rental Value Coming Soon,,,,
,"S St Se, # B1, Washington, DC 20020",*Rental Value Coming Soon,,,,
,"Hunt Pl Ne, # B1, Washington, DC 20019",*Rental Value Coming Soon,,,,
,"Nannie Helen Burroughs..., Washington, DC 20019",*Rental Value Coming Soon,,,,
,"R St Nw Apt 102, Washington, DC 20001",*Rental Value Coming Soon,,,,
"$545,000","C St Ne, Washington, DC 20002",$2400/m Estimated Rental Value,3 bed,1 bath,"1,224 sqft.",Single-Family
"$688,685","Half St Sw, Washington, DC 20024",$2560/m Estimated Rental Value,2 bed,1 bath,"1,280 sqft.",Single-Family
"$235,424","Cathedral Ave Nw # 26, Washington, DC 20016",$1650/m Estimated Rental Value,1 bed,1 bath,,Condo
"$327,037","Lenfant Sq Se, Washington, DC 20020",$1590/m Estimated Rental Value,3 bed,1.5 bath,"1,360 sqft.",Single-Family
,"Saratoga Ave Ne Apt 1, Washington, DC 20018",*Rental Value Coming Soon,,,,
"$441,135","Southern Ave Se, Washington, DC 20019",$1880/m Estimated Rental Value,3 bed,1 bath,"1,492 sqft.",Single-Family
"$631,032","D St Ne, Washington, DC 20002",$1750/m Estimated Rental Value,4 bed,2.5 bath,"1,156 sqft.",Single-Family
,"New York Ave Nw, Washington, DC 20001",*Rental Value Coming Soon,,,,
"$340,729","Howard Rd Se, Washington, DC 20020",$1520/m Estimated Rental Value,,,,
,"Sheridan Rd Se, Washington, DC 20020",*Rental Value Coming Soon,,,,
"$385,801","33rd St Ne, Washington, DC 20019",$1420/m Estimated Rental Value,2 bed,1.5 bath,832 sqft.,Single-Family
"$495,215","5th St Nw, Washington, DC 20011",$2140/m Estimated Rental Value,3 bed,1 bath,800 sqft.,Townhome
"$322,808","Eads St Ne, Washington, DC 20019",$1720/m Estimated Rental Value,3 bed,1.5 bath,787 sqft.,Single-Family
,"Massachusetts Ave Nw, Washington, DC 20036",*Rental Value Coming Soon,,,,
,"New Jersey Ave Se Frnt..., Washington, DC 20003",*Rental Value Coming Soon,,,,
"$325,000","Buchanan St Ne, Washington, DC 20017",$2370/m Estimated Rental Value,3 bed,2 bath,"1,240 sqft.",Single-Family
,"New Jersey Ave Se Apt 107, Washington, DC 20003",*Rental Value Coming Soon,,,,
"$120,480","Oakwood St Se Apt B5, Washington, DC 20032",$1230/m Estimated Rental Value,1 bed,1 bath,628 sqft.,
"$384,339","Blaine St Ne, Washington, DC 20019",$1420/m Estimated Rental Value,3 bed,1.5 bath,960 sqft.,Single-Family
"$309,505","U Pl Se, Washington, DC 20020",$1580/m Estimated Rental Value,3 bed,1 bath,"1,080 sqft.",Townhome
"$791,990","Longfellow St Nw, Washington, DC 20011",$2370/m Estimated Rental Value,3 bed,2 bath,"1,116 sqft.",Townhome
"$350,221","Columbia Rd Nw Apt 102, Washington, DC 20009",$2070/m Estimated Rental Value,2 bed,1 bath,718 sqft.,Condo
"$733,096","Illinois Ave Nw, Washington, DC 20011",$2740/m Estimated Rental Value,3 bed,4 bath,"1,856 sqft.",Townhome
"$499,700","N Capitol St Ne, Washington, DC 20011",$2360/m Estimated Rental Value,3 bed,2 bath,"1,216 sqft.",Single-Family
"$1,252,217","28th St Nw, Washington, DC 20015",$4700/m Estimated Rental Value,5 bed,5 bath,"2,433 sqft.",Single-Family
"$393,775","49th Pl Ne, Washington, DC 20019",$1620/m Estimated Rental Value,2 bed,1 bath,936 sqft.,Single-Family
,"14th St Nw # 39, Washington, DC 20005",*Rental Value Coming Soon,,,,Commercial
,"Massachusetts Ave Nw A..., Washington, DC 20005",*Rental Value Coming Soon,,,,
"$1,527,763","Kalmia Rd Nw, Washington, DC 20012",$3960/m Estimated Rental Value,4 bed,3.5 bath,"1,920 sqft.",Single-Family
"$347,000","42nd St Ne, Washington, DC 20019",$1301/m Estimated Rental Value,2 bed,2 bath,"1,120 sqft.",Multi-Family
"$1,376,000","Maryland Ave Ne, Washington, DC 20002",$3350/m Estimated Rental Value,5 bed,4.5 bath,"2,921 sqft.",Multi-Family
"$470,745","46th St Se, Washington, DC 20019",$1880/m Estimated Rental Value,3 bed,2 bath,"1,232 sqft.",Single-Family
"$343,821","28th St Se, Washington, DC 20020",$2080/m Estimated Rental Value,3 bed,3 bath,"1,200 sqft.",Townhome
"$800,622","Webster St Nw, Washington, DC 20011",$2670/m Estimated Rental Value,4 bed,3.5 bath,"2,142 sqft.",Single-Family
,"Edgewood St Ne Apt 309, Washington, DC 20017",*Rental Value Coming Soon,,,,
"$820,856","Rock Creek Church Rd Nw, Washington, DC 20010",$3020/m Estimated Rental Value,,,,Townhome
"$881,837","New Hampshire Ave Nw, Washington, DC 20011",$3010/m Estimated Rental Value,4 bed,4 bath,"2,287 sqft.",Single-Family
,"G St Sw Apt B402, Washington, DC 20024",*Rental Value Coming Soon,,,,
,"Franklin St Ne, Washington, DC 20018",*Rental Value Coming Soon,,,,Land
,"31st Pl Ne, Washington, DC 20018",*Rental Value Coming Soon,3 bed,2.5 bath,,Condo
"$284,392","Malcolm X Ave Se, Washington, DC 20032",$1790/m Estimated Rental Value,4 bed,2 bath,"1,254 sqft.",Single-Family
"$277,823","13th St Nw Apt 416, Washington, DC 20005",$2020/m Estimated Rental Value,,1 bath,485 sqft.,Condo
"$445,569","48th St Ne, Washington, DC 20019",$1790/m Estimated Rental Value,3 bed,2 bath,"1,509 sqft.",Single-Family
"$484,054","Chillum Pl Ne, Washington, DC 20011",$1880/m Estimated Rental Value,2 bed,2 bath,864 sqft.,Single-Family
"$487,795","Massachusetts Ave Se # 2, Washington, DC 20019",$1440/m Estimated Rental Value,3 bed,3 bath,"1,696 sqft.",Condo
"$589,698","Monroe St Ne, Washington, DC 20018",$2260/m Estimated Rental Value,3 bed,2 bath,"1,776 sqft.",Single-Family
"$256,144","Sheriff Rd Ne, Washington, DC 20019",$1251/m Estimated Rental Value,2 bed,1 bath,"1,064 sqft.",Townhome
,"Summit Ct Ne, Washington, DC 20018",*Rental Value Coming Soon,4 bed,1 bath,926 sqft.,Condo
"$468,752","Southern Ave Se, Washington, DC 20019",$1880/m Estimated Rental Value,3 bed,1.5 bath,"1,802 sqft.",Single-Family
"$622,202","27th St Ne, Washington, DC 20018",$1760/m Estimated Rental Value,2 bed,1 bath,918 sqft.,Single-Family
"$1,027,763","Butterworth Pl Nw, Washington, DC 20016",$3160/m Estimated Rental Value,3 bed,2 bath,"1,080 sqft.",Single-Family
"$450,640","44th Pl Se, Washington, DC 20019",$1880/m Estimated Rental Value,3 bed,2 bath,"1,276 sqft.",Single-Family
"$536,903","16th St Nw Apt 305, Washington, DC 20009",$2610/m Estimated Rental Value,2 bed,1.5 bath,"1,158 sqft.",Condo
"$417,360","49th St Ne, Washington, DC 20019",$1790/m Estimated Rental Value,2 bed,1 bath,962 sqft.,Single-Family
"$1,384,846","Verbena St Nw, Washington, DC 20012",$3640/m Estimated Rental Value,4 bed,2.5 bath,"1,706 sqft.",Single-Family
"$404,975","New York Ave Nw Apt 304, Washington, DC 20001",$1880/m Estimated Rental Value,1 bed,1 bath,,Condo
,"Maine Ave Sw, Apt E-506, Washington, DC 20024",*Rental Value Coming Soon,,,,
"$1,183,992","Connecticut Ave Nw, Washington, DC 20008",$5220/m Estimated Rental Value,,,,Multi-Family
,"Fort Lincoln Dr Ne, Washington, DC 20018",*Rental Value Coming Soon,,,,
"$448,637","14th St Nw Apt B2, Washington, DC 20011",$1780/m Estimated Rental Value,,,,Condo
"$470,400","Ayers Pl Se, Washington, DC 20019",$1760/m Estimated Rental Value,3 bed,2 bath,"1,344 sqft.",Single-Family
"$476,308","M St Sw # N801, Washington, DC 20024",$2200/m Estimated Rental Value,2 bed,2 bath,"1,140 sqft.",Condo
"$845,633","Lamont St Nw, Washington, DC 20010",$2960/m Estimated Rental Value,6 bed,3 bath,"2,718 sqft.",Single-Family
"$264,275","14th St Nw Apt 116w, Washington, DC 20009",$2230/m Estimated Rental Value,2 bed,1 bath,720 sqft.,Condo
"$277,000","Halley Pl Se, Washington, DC 20032",$1530/m Estimated Rental Value,4 bed,4 bath,"2,442 sqft.",Multi-Family
"$926,000","T St Nw, Washington, DC 20001",$2920/m Estimated Rental Value,4 bed,5 bath,"2,035 sqft.",Multi-Family
"$437,906","56th St Se, Washington, DC 20019",$1880/m Estimated Rental Value,3 bed,2 bath,"1,188 sqft.",Single-Family
"$371,000","28th St Se, Washington, DC 20020",$1780/m Estimated Rental Value,5 bed,2 bath,810 sqft.,Multi-Family
"$822,232","M St Ne, Washington, DC 20002",$2400/m Estimated Rental Value,3 bed,2 bath,"1,512 sqft.",Townhome
"$427,067","Foote St Ne, Washington, DC 20019",$1680/m Estimated Rental Value,3 bed,1 bath,970 sqft.,Single-Family
"$512,837","E St Nw Apt 230, Washington, DC 20004",$2260/m Estimated Rental Value,1 bed,1 bath,861 sqft.,Condo
,"Florida Ave Nw # 4, Washington, DC 20001",*Rental Value Coming Soon,2 bed,1 bath,731 sqft.,Condo
"$399,360","Hayes St Ne, Washington, DC 20019",$1301/m Estimated Rental Value,2 bed,1 bath,990 sqft.,Single-Family
"$332,430","P St Se, Washington, DC 20020",$2100/m Estimated Rental Value,4 bed,2 bath,891 sqft.,Single-Family
,"Davenport St Nw Apt 308, Washington, DC 20008",*Rental Value Coming Soon,,,,
,"Galveston St Sw Apt T1, Washington, DC 20032",*Rental Value Coming Soon,,,,
"$494,479","33rd St Se, Washington, DC 20020",$2120/m Estimated Rental Value,3 bed,2 bath,"1,284 sqft.",Single-Family
,"R St Nw Apt 202, Washington, DC 20001",*Rental Value Coming Soon,,,,
"$152,673","Suitland Ter Se Apt 201, Washington, DC 20020",$1450/m Estimated Rental Value,,,,Condo
"$689,754","Spring Rd Nw, Washington, DC 20010",$2690/m Estimated Rental Value,3 bed,1 bath,"1,280 sqft.",Single-Family
"$639,159","17th Pl Ne, Washington, DC 20002",$1760/m Estimated Rental Value,2 bed,2 bath,"1,398 sqft.",Townhome
"$400,367","Horner Pl Se, Washington, DC 20032",$1398/m Estimated Rental Value,3 bed,1 bath,"1,024 sqft.",Single-Family
"$287,910","Connecticut Ave Nw Apt..., Washington, DC 20008",$1880/m Estimated Rental Value,1 bed,1 bath,761 sqft.,Condo
"$728,709","F St Ne, Washington, DC 20002",$2660/m Estimated Rental Value,3 bed,2 bath,"1,312 sqft.",Townhome
,"Alaska Ave Nw Apt 201, Washington, DC 20012",*Rental Value Coming Soon,2 bed,2 bath,865 sqft.,Condo
"$675,045","Galloway St Ne, Washington, DC 20017",$2470/m Estimated Rental Value,4 bed,2 bath,"1,444 sqft.",Single-Family
"$694,984","Lincoln Rd Ne, Washington, DC 20002",$1900/m Estimated Rental Value,3 bed,1 bath,"1,530 sqft.",Townhome
"$1,142,336","Corcoran St Nw # 1, Washington, DC 20009",$3050/m Estimated Rental Value,2 bed,3 bath,"1,771 sqft.",Condo
"$1,373,322","Upland Ter Nw, Washington, DC 20015",$4360/m Estimated Rental Value,3 bed,3 bath,"1,854 sqft.",Single-Family
"$351,025","Savannah Pl Se, Washington, DC 20020",$1960/m Estimated Rental Value,2 bed,1 bath,850 sqft.,Single-Family
"$470,012","Ely Pl Se, Washington, DC 20019",$1920/m Estimated Rental Value,3 bed,2 bath,"1,128 sqft.",Single-Family
"$624,139","Shepherd St Nw, Washington, DC 20011",$2220/m Estimated Rental Value,2 bed,2 bath,"1,330 sqft.",Townhome
,"17th Pl Ne Apt 303, Washington, DC 20002",*Rental Value Coming Soon,1 bed,1 bath,506 sqft.,Condo
"$1,295,093","Van Ness St Nw, Washington, DC 20016",$3880/m Estimated Rental Value,3 bed,2 bath,"1,322 sqft.",Single-Family
"$460,274","Otis St Ne, Washington, DC 20018",$2200/m Estimated Rental Value,3 bed,1 bath,"1,092 sqft.",Single-Family
"$109,470","Eastern Ave Ne Apt 10, Washington, DC 20019",$1271/m Estimated Rental Value,1 bed,1 bath,555 sqft.,Condo
,"Warder St Nw # 1, Washington, DC 20010",*Rental Value Coming Soon,,,,Condo
"$412,830","Barnaby Ter Se, Washington, DC 20032",$1400/m Estimated Rental Value,3 bed,1.5 bath,"1,134 sqft.",Single-Family
,"4th St Sw, Washington, DC 20024",*Rental Value Coming Soon,,,,
,"Martin Luther King Jr ..., Washington, DC 20032",*Rental Value Coming Soon,,,,
,"Jay St Ne Apt 2, Washington, DC 20019",*Rental Value Coming Soon,,,,
"$406,610","24th St Ne, Washington, DC 20018",$1840/m Estimated Rental Value,2 bed,1.5 bath,911 sqft.,Single-Family
"$456,790","Martin Luther King Jr ..., Washington, DC 20032",$1460/m Estimated Rental Value,2 bed,1 bath,800 sqft.,Single-Family
,"18th St Ne, Apt 4, Washington, DC 20002",*Rental Value Coming Soon,,,,
,"14th St Sw # 118, Washington, DC 20227",*Rental Value Coming Soon,,,,
"$392,260","C St Se, Washington, DC 20019",$1710/m Estimated Rental Value,,,,Condo
"$376,012","14th St Ne, Washington, DC 20018",$2130/m Estimated Rental Value,3 bed,1.5 bath,"1,056 sqft.",Single-Family
"$751,631","Allison St Ne, Washington, DC 20017",$2320/m Estimated Rental Value,4 bed,3.5 bath,"1,706 sqft.",Single-Family
"$1,080,284","12th St Nw, Washington, DC 20012",$3560/m Estimated Rental Value,5 bed,2.5 bath,"2,163 sqft.",Single-Family
,"22nd St Se, Washington, DC 20020",*Rental Value Coming Soon,,,,
"$430,020","Anacostia Ave Ne, Washington, DC 20019",$1920/m Estimated Rental Value,3 bed,2 bath,"1,060 sqft.",Single-Family
"$681,148","N Capitol St Ne, Washington, DC 20002",$1930/m Estimated Rental Value,3 bed,1 bath,"1,860 sqft.",Single-Family
"$768,262","Rock Creek Church Rd Nw, Washington, DC 20010",$3030/m Estimated Rental Value,6 bed,3 bath,"2,463 sqft.",Single-Family
,"Prospect St Nw, Washington, DC 20007",*Rental Value Coming Soon,,,,
"$536,268","Oates St Ne, Washington, DC 20002",$2040/m Estimated Rental Value,6 bed,1 bath,"1,294 sqft.",Townhome
"$708,000","Adams St Nw, Washington, DC 20001",$2670/m Estimated Rental Value,4 bed,2 bath,"1,470 sqft.",Multi-Family
"$748,433","Kansas Ave Nw, Washington, DC 20011",$2670/m Estimated Rental Value,3 bed,3 bath,"1,400 sqft.",Townhome
"$401,445","6th St Se, Washington, DC 20032",$1420/m Estimated Rental Value,3 bed,2 bath,"1,224 sqft.",Townhome
"$308,210","Penn St Ne Apt 1, Washington, DC 20002",$1770/m Estimated Rental Value,2 bed,1 bath,616 sqft.,Condo
"$1,310,440","K St Se, Washington, DC 20003",$2800/m Estimated Rental Value,1 bed,1 bath,"1,800 sqft.",Single-Family
"$653,653","Keefer Pl Nw, Washington, DC 20010",$2630/m Estimated Rental Value,3 bed,2 bath,"1,236 sqft.",Townhome
"$878,979","8th St Ne, Washington, DC 20002",$3070/m Estimated Rental Value,3 bed,1 bath,"1,444 sqft.",Townhome
"$969,518","Kentucky Ave Se, Washington, DC 20003",$2850/m Estimated Rental Value,3 bed,2 bath,"1,224 sqft.",Townhome
"$741,148","11th St Nw, Washington, DC 20001",$2740/m Estimated Rental Value,3 bed,1 bath,"1,698 sqft.",Townhome
"$626,000","Isherwood St Ne, Washington, DC 20002",$1980/m Estimated Rental Value,8 bed,4 bath,"3,270 sqft.",Multi-Family
"$672,762","Queen St Ne, Washington, DC 20002",$1690/m Estimated Rental Value,3 bed,1 bath,"1,080 sqft.",Townhome
"$616,028","Upshur St Ne, Washington, DC 20018",$2550/m Estimated Rental Value,3 bed,3 bath,"1,344 sqft.",Single-Family
"$323,154","Martin Luther King Jr ..., Washington, DC 20032",$2040/m Estimated Rental Value,2 bed,1 bath,"1,450 sqft.",Single-Family
"$695,147","Otis Pl Nw, Washington, DC 20010",$2680/m Estimated Rental Value,3 bed,1 bath,"1,360 sqft.",Townhome
,"W St Se, Washington, DC 20020",*Rental Value Coming Soon,,,0 sqft.,
"$724,429","7th St Ne, Washington, DC 20017",$2480/m Estimated Rental Value,3 bed,3 bath,"1,982 sqft.",Single-Family
"$743,197","Chancellors Way Ne, Washington, DC 20017",$1910/m Estimated Rental Value,2 bed,3 bath,972 sqft.,Townhome
"$636,000","Skyland Pl Se, Washington, DC 20020",$2100/m Estimated Rental Value,4 bed,3 bath,"1,594 sqft.",Single-Family
"$653,823","Channing St Ne, Washington, DC 20018",$2680/m Estimated Rental Value,3 bed,2 bath,"1,540 sqft.",Single-Family
"$337,733","47th Pl Ne, Washington, DC 20019",$1720/m Estimated Rental Value,2 bed,1 bath,"1,024 sqft.",Single-Family
,"M St Se, Washington, DC 20019",*Rental Value Coming Soon,,,0 sqft.,Condo
"$439,843","Kearny St Ne, Washington, DC 20017",$2500/m Estimated Rental Value,2 bed,1 bath,992 sqft.,Single-Family
"$341,268","Southern Ave Se, Washington, DC 20020",$1560/m Estimated Rental Value,3 bed,1 bath,"1,024 sqft.",Townhome
,"Ely Pl Se, Washington, DC 20019",*Rental Value Coming Soon,8 bed,4 bath,"3,796 sqft.",Multi-Family
"$944,358","25th St Nw # 502, Washington, DC 20037",$2970/m Estimated Rental Value,2 bed,3 bath,"1,881 sqft.",Condo
"$371,587","Benning Rd Se, Washington, DC 20019",$1880/m Estimated Rental Value,3 bed,2 bath,"1,344 sqft.",Single-Family
,"N St Ne, Apt 725, Washington, DC 20002",*Rental Value Coming Soon,,,,
"$1,251,387","S St Nw, Washington, DC 20009",$3090/m Estimated Rental Value,4 bed,2 bath,,Condo
"$1,194,888","Primrose Rd Nw, Washington, DC 20012",$3790/m Estimated Rental Value,4 bed,3.5 bath,"2,292 sqft.",Single-Family
,"17th St Ne Apt 2, Washington, DC 20002",*Rental Value Coming Soon,,,,
,"Georgia Ave Nw, Washington, DC 20011",*Rental Value Coming Soon,,,,
,"Georgia Ave Nw, Washington, DC 20001",*Rental Value Coming Soon,,,,
,"Q Nw Nw, # 3522, Washington, DC 20002",*Rental Value Coming Soon,,,,
"$326,700","Cathedral Ave Nw Apt 404w, Washington, DC 20016",$1970/m Estimated Rental Value,1 bed,1 bath,803 sqft.,Condo
"$357,786","Cathedral Ave Nw Apt 506e, Washington, DC 20016",$2080/m Estimated Rental Value,,,,Condo
"$85,637","49th St Se Apt 302, Washington, DC 20019",$1388/m Estimated Rental Value,2 bed,1 bath,,Condo
,"Cathedral Ave Nw # 135, Washington, DC 20016",*Rental Value Coming Soon,,,,Condo
,"Georgia Ave Nw, Washington, DC 20010",*Rental Value Coming Soon,,,0 sqft.,
"$457,905","1st Pl Nw Apt 403, Washington, DC 20011",$1880/m Estimated Rental Value,2 bed,2 bath,950 sqft.,Condo
"$671,000","14th St Nw, Washington, DC 20011",$2700/m Estimated Rental Value,3 bed,2 bath,"1,354 sqft.",Multi-Family
"$118,061","Gainesville St Se Apt 204, Washington, DC 20020",$1440/m Estimated Rental Value,2 bed,1 bath,780 sqft.,Condo
"$438,826","Danbury St Sw, Washington, DC 20032",$1490/m Estimated Rental Value,3 bed,4 bath,"1,152 sqft.",Townhome
"$633,600","13th St Ne, Washington, DC 20017",$2240/m Estimated Rental Value,3 bed,1 bath,"1,628 sqft.",Single-Family
"$702,596","4th St Nw, Washington, DC 20011",$2540/m Estimated Rental Value,3 bed,1 bath,"1,488 sqft.",Townhome
"$272,859","2nd St Se, Washington, DC 20032",$1301/m Estimated Rental Value,3 bed,2 bath,"1,836 sqft.",Townhome
"$842,664","N Capitol St Nw, Washington, DC 20002",$2460/m Estimated Rental Value,3 bed,1 bath,"1,680 sqft.",Townhome
"$803,404","7th St Ne, Washington, DC 20002",$2350/m Estimated Rental Value,3 bed,1 bath,"1,200 sqft.",Townhome
"$417,480","Barnaby St Se, Washington, DC 20032",$1400/m Estimated Rental Value,3 bed,4 bath,"1,494 sqft.",Townhome
"$321,000","18th St Se, Washington, DC 20020",$1740/m Estimated Rental Value,4 bed,4 bath,"3,200 sqft.",Multi-Family
"$818,848","D St Ne, Washington, DC 20002",$2660/m Estimated Rental Value,3 bed,1 bath,"1,054 sqft.",Townhome
"$700,594","Georgia Ave Nw, Washington, DC 20011",$2730/m Estimated Rental Value,3 bed,2 bath,"1,614 sqft.",Townhome
"$155,889","Hunter Pl Se Apt 101, Washington, DC 20020",$1500/m Estimated Rental Value,2 bed,1 bath,791 sqft.,Condo
"$429,751","22nd St Ne, Washington, DC 20018",$2530/m Estimated Rental Value,3 bed,1 bath,"1,320 sqft.",Single-Family
"$365,000","Brooks St Ne, Washington, DC 20019",$1301/m Estimated Rental Value,2 bed,2 bath,"1,440 sqft.",Multi-Family
"$727,000","Douglas St Ne, Washington, DC 20018",$2640/m Estimated Rental Value,5 bed,3 bath,"1,729 sqft.",Multi-Family
"$382,137","55th St Ne, Washington, DC 20019",$1680/m Estimated Rental Value,1 bed,2 bath,"1,315 sqft.",Single-Family
,"30th St Se, Washington, DC 20020",*Rental Value Coming Soon,4 bed,4 bath,"2,880 sqft.",Multi-Family
"$584,245","Somerset Pl Nw, Washington, DC 20011",$2240/m Estimated Rental Value,3 bed,1 bath,"1,084 sqft.",Single-Family
"$320,041","35th St Ne, Washington, DC 20019",$1510/m Estimated Rental Value,2 bed,1 bath,780 sqft.,Townhome
"$781,703","N Capitol St Nw, Washington, DC 20002",$2450/m Estimated Rental Value,3 bed,2 bath,"1,380 sqft.",Townhome
"$569,342","Varnum St Ne, Washington, DC 20017",$2500/m Estimated Rental Value,2 bed,3 bath,"1,320 sqft.",Single-Family
,"13th St Nw Apt 413, Washington, DC 20009",*Rental Value Coming Soon,,,,
"$246,050","57th St Ne, Washington, DC 20019",$1398/m Estimated Rental Value,2 bed,1 bath,768 sqft.,Single-Family
"$583,882","Jefferson St Ne, Washington, DC 20011",$2250/m Estimated Rental Value,3 bed,1.5 bath,"1,156 sqft.",Single-Family
"$400,122","54th St Se, Washington, DC 20019",$1880/m Estimated Rental Value,3 bed,1 bath,"1,292 sqft.",Single-Family
,"Wisconsin Ave Nw Apt 206, Washington, DC 20016",*Rental Value Coming Soon,,,,
,"Q St Nw Apt 207, Washington, DC 20009",*Rental Value Coming Soon,,,,
"$563,300","Sargent Rd Ne, Washington, DC 20017",$2620/m Estimated Rental Value,3 bed,2.5 bath,"1,360 sqft.",Single-Family
"$485,527","18th St Ne, Washington, DC 20002",$1620/m Estimated Rental Value,4 bed,2 bath,"1,152 sqft.",Single-Family
"$399,360","Valley Ave Se, Washington, DC 20032",$1880/m Estimated Rental Value,3 bed,2 bath,"1,296 sqft.",Single-Family
,"1st St Nw # 675, Washington, DC 20001",*Rental Value Coming Soon,,,,
,"Connecticut Ave Nw, Washington, DC 20008",*Rental Value Coming Soon,,,,
"$358,190","Rhode Island Ave Ne Ap..., Washington, DC 20002",$1840/m Estimated Rental Value,2 bed,1 bath,,Condo
,"Georgia Ave Nw, Washington, DC 20010",*Rental Value Coming Soon,,,,
,"Cathedral Ave Nw Apt 805a, Washington, DC 20016",*Rental Value Coming Soon,,,,
"$618,224","Hamilton St Nw, Washington, DC 20011",$2220/m Estimated Rental Value,2 bed,1 bath,"1,024 sqft.",Single-Family
"$830,325","Bryant St Nw, Washington, DC 20001",$2740/m Estimated Rental Value,4 bed,1.5 bath,"1,897 sqft.",Single-Family
"$220,889","Eads Pl Ne, Washington, DC 20019",$1301/m Estimated Rental Value,2 bed,1 bath,768 sqft.,Single-Family
,"Massachusetts Ave Nw A..., Washington, DC 20001",*Rental Value Coming Soon,,,,
,"7th St Se, Washington, DC 20003",*Rental Value Coming Soon,,,,
"$526,670","Texas Ave Se, Washington, DC 20020",$2160/m Estimated Rental Value,3 bed,2.5 bath,"1,664 sqft.",Single-Family
"$139,900","Delaware Ave Sw Apt N720, Washington, DC 20024",*Rental Value Coming Soon,1 bed,1 bath,,Co-Op
"$110,579","9th St Se Apt 202, Washington, DC 20032",$1141/m Estimated Rental Value,1 bed,1 bath,,Condo
"$3,424,576","37th St Nw, Washington, DC 20007",$4600/m Estimated Rental Value,4 bed,3 bath,"1,360 sqft.",Townhome
,"Galveston St Sw Apt 102, Washington, DC 20032",*Rental Value Coming Soon,,,,
"$189,000","Forrester St Sw, Washington, DC 20032",$1620/m Estimated Rental Value,4 bed,4 bath,"2,556 sqft.",Multi-Family
"$458,053","Hilltop Ter Se, Washington, DC 20019",$1880/m Estimated Rental Value,3 bed,2 bath,"1,410 sqft.",Single-Family
"$493,020","Gainesville St Se Apt 201, Washington, DC 20020",$1580/m Estimated Rental Value,3 bed,3 bath,"1,678 sqft.",Condo
"$454,638","20th St Ne, Washington, DC 20002",$1610/m Estimated Rental Value,3 bed,1 bath,"1,116 sqft.",Townhome
"$335,387","H St Se, Washington, DC 20019",$1880/m Estimated Rental Value,3 bed,1 bath,"1,064 sqft.",Single-Family
"$352,450","4th St Se, Washington, DC 20032",$1400/m Estimated Rental Value,4 bed,2 bath,"1,200 sqft.",Townhome
"$406,187","Irving St Se, Washington, DC 20020",$2070/m Estimated Rental Value,3 bed,1 bath,"1,200 sqft.",Single-Family
"$422,625","Banks Pl Ne, Washington, DC 20019",$1790/m Estimated Rental Value,2 bed,2 bath,800 sqft.,Single-Family
"$166,560","Benning Rd Se Apt 202, Washington, DC 20019",$1388/m Estimated Rental Value,1 bed,1 bath,609 sqft.,Condo
"$403,067","Austin St Se, Washington, DC 20020",$2090/m Estimated Rental Value,4 bed,1 bath,"1,108 sqft.",Single-Family
"$582,258","Evarts St Ne, Washington, DC 20017",$1730/m Estimated Rental Value,4 bed,2 bath,"1,300 sqft.",Townhome
"$1,306,072","Belmont St Nw, Washington, DC 20009",$3100/m Estimated Rental Value,3 bed,3 bath,0 sqft.,Single-Family
"$528,650","9th Pl Se, Washington, DC 20032",$2070/m Estimated Rental Value,4 bed,3 bath,"1,474 sqft.",Single-Family
"$827,025","Delafield Pl Nw, Washington, DC 20011",$2950/m Estimated Rental Value,4 bed,2 bath,"1,743 sqft.",Single-Family
"$345,596","Barnaby Ter Se, Washington, DC 20032",$1408/m Estimated Rental Value,3 bed,2 bath,"1,134 sqft.",Townhome
"$607,024","Channing St Ne, Washington, DC 20018",$2480/m Estimated Rental Value,3 bed,2 bath,"1,650 sqft.",Single-Family
"$440,000","Meigs Pl Ne, Washington, DC 20002",$2040/m Estimated Rental Value,8 bed,4 bath,"3,210 sqft.",Multi-Family
"$377,750","58th St Ne, Washington, DC 20019",$1790/m Estimated Rental Value,,1 bath,"1,264 sqft.",Single-Family
"$392,607","Dix St Ne, Washington, DC 20019",$1790/m Estimated Rental Value,3 bed,1 bath,928 sqft.,Single-Family
"$431,683","M St Ne, Washington, DC 20002",$1550/m Estimated Rental Value,3 bed,1 bath,"1,252 sqft.",Townhome
"$336,463","35th St Ne, Washington, DC 20019",$1420/m Estimated Rental Value,2 bed,1 bath,832 sqft.,Townhome
,"Upshur St Nw, Washington, DC 20011",*Rental Value Coming Soon,,,0 sqft.,Land
"$541,955","Kearny St Ne, Washington, DC 20017",$2920/m Estimated Rental Value,3 bed,1 bath,"1,650 sqft.",Single-Family
,"Adams St Ne Apt 1, Washington, DC 20018",*Rental Value Coming Soon,2 bed,2 bath,697 sqft.,Condo
"$838,513","Duncan St Ne, Washington, DC 20002",$2670/m Estimated Rental Value,3 bed,1 bath,"1,472 sqft.",Townhome
,"8th St Nw # 1, Washington, DC 20011",*Rental Value Coming Soon,2 bed,2 bath,871 sqft.,Condo
"$1,050,007","4th St Ne, Washington, DC 20002",*Rental Value Coming Soon,4 bed,4 bath,0 sqft.,Multi-Family
"$434,630","Bowen Rd Se, Washington, DC 20020",$1470/m Estimated Rental Value,3 bed,2 bath,"1,220 sqft.",Condo
"$295,407","Southern Ave Se, Washington, DC 20019",$1620/m Estimated Rental Value,2 bed,2 bath,832 sqft.,Single-Family
"$470,903","31st St Se, Washington, DC 20019",$1850/m Estimated Rental Value,3 bed,1 bath,"1,166 sqft.",Single-Family
"$490,800","Jackson St Ne, Washington, DC 20018",$2640/m Estimated Rental Value,3 bed,2 bath,"1,346 sqft.",Single-Family
"$406,915","Chesapeake St Se, Washington, DC 20032",$1850/m Estimated Rental Value,3 bed,2 bath,"1,122 sqft.",Single-Family
"$169,463","Kane Pl Ne, Washington, DC 20019",$1680/m Estimated Rental Value,1 bed,1 bath,392 sqft.,Single-Family
"$293,597","47th St Se, Washington, DC 20019",$1660/m Estimated Rental Value,2 bed,1 bath,800 sqft.,Single-Family
"$1,004,670","29th St Se, Washington, DC 20020",$1680/m Estimated Rental Value,4 bed,4 bath,"2,640 sqft.",Multi-Family
"$353,863","9th St Nw Apt 4, Washington, DC 20010",$2060/m Estimated Rental Value,2 bed,2 bath,678 sqft.,Condo
"$383,000","6th St Se, Washington, DC 20032",$2120/m Estimated Rental Value,,,"3,185 sqft.",Commercial
"$285,000","51st St Ne, Washington, DC 20019",$1710/m Estimated Rental Value,6 bed,3 bath,"2,223 sqft.",Multi-Family
"$350,654","Evarts St Ne Apt 3, Washington, DC 20017",$1390/m Estimated Rental Value,,,,Condo
"$445,804","Baker St Ne, Washington, DC 20019",$1420/m Estimated Rental Value,2 bed,1 bath,864 sqft.,Single-Family
"$289,835","Davis Pl Nw Apt 307, Washington, DC 20007",$1970/m Estimated Rental Value,,,,
,"H St Nw, Washington, DC 20001",*Rental Value Coming Soon,,,,
,"Bladensburg Rd Ne # 518, Washington, DC 20002",*Rental Value Coming Soon,,,,
,"Marion Barry Ave Se Ap..., Washington, DC 20020",*Rental Value Coming Soon,1 bed,1 bath,,Condo
,"Blaine St Ne Apt 204, Washington, DC 20019",*Rental Value Coming Soon,,,,
"$831,954","Emerald St Ne, Washington, DC 20002",$2670/m Estimated Rental Value,3 bed,1 bath,"1,444 sqft.",Single-Family
"$658,000","Longfellow St Nw, Washington, DC 20011",$2440/m Estimated Rental Value,4 bed,2 bath,"1,440 sqft.",Multi-Family
,"53rd St Ne, Washington, DC 20019",*Rental Value Coming Soon,,,,
"$260,100","50th St Ne, Washington, DC 20019",$1760/m Estimated Rental Value,2 bed,1 bath,806 sqft.,Single-Family
"$616,569","Webster St Ne, Washington, DC 20017",$2630/m Estimated Rental Value,3 bed,3 bath,"1,344 sqft.",Single-Family
"$556,620","7th Pl Nw, Washington, DC 20012",$2370/m Estimated Rental Value,3 bed,1 bath,"1,133 sqft.",Single-Family
,"Rear Independence Ave Se, Washington, DC 20003",*Rental Value Coming Soon,,,0 sqft.,
"$639,602","Allison St Ne, Washington, DC 20017",$2650/m Estimated Rental Value,3 bed,3 bath,"1,440 sqft.",Single-Family
"$975,593","Tamarack St Nw, Washington, DC 20012",$3620/m Estimated Rental Value,4 bed,3 bath,"1,752 sqft.",Single-Family
"$865,730","Monroe St Nw, Washington, DC 20010",$3110/m Estimated Rental Value,8 bed,4 bath,"2,639 sqft.",Townhome
"$736,189","Kennedy St Nw, Washington, DC 20011",$2710/m Estimated Rental Value,4 bed,1 bath,"1,520 sqft.",Townhome
"$366,000","Ames St Ne, Washington, DC 20019",$1398/m Estimated Rental Value,2 bed,2 bath,"1,211 sqft.",Multi-Family
"$473,969","E St Nw Apt 1022, Washington, DC 20004",$2140/m Estimated Rental Value,1 bed,1 bath,822 sqft.,Condo
"$1,146,588","Longfellow St Nw, Washington, DC 20011",$3480/m Estimated Rental Value,4 bed,3 bath,"2,340 sqft.",Single-Family
,"44th St Ne, Washington, DC 20019",*Rental Value Coming Soon,,,0 sqft.,
,"Benning Rd Se Apt 2, Washington, DC 20019",*Rental Value Coming Soon,4 bed,4 bath,"2,508 sqft.",Multi-Family
"$345,988","Fort Baker Dr Se, Washington, DC 20020",$2090/m Estimated Rental Value,3 bed,2 bath,"1,303 sqft.",Single-Family
"$272,109","Irving St Se, Washington, DC 20020",$1700/m Estimated Rental Value,2 bed,1 bath,602 sqft.,Single-Family
"$308,750","D St Se, Washington, DC 20019",$1620/m Estimated Rental Value,2 bed,1 bath,660 sqft.,Single-Family
,"10th Pl Se, Washington, DC 20032",*Rental Value Coming Soon,3 bed,3 bath,"1,872 sqft.",Townhome
"$879,540","D St Ne, Washington, DC 20002",$1790/m Estimated Rental Value,4 bed,4 bath,"2,960 sqft.",Multi-Family
"$346,500","Talbert Ter Se, Washington, DC 20020",$1580/m Estimated Rental Value,4 bed,1 bath,"1,560 sqft.",Townhome
"$235,732","Belmont Rd Nw Apt 501, Washington, DC 20009",$1880/m Estimated Rental Value,,1 bath,321 sqft.,Condo
"$311,391","Nash St Ne, Washington, DC 20019",$1620/m Estimated Rental Value,,,,
,"Stanton Rd Se Apt 201, Washington, DC 20020",*Rental Value Coming Soon,,,,
"$672,432","Newton Pl Nw, Washington, DC 20010",$2500/m Estimated Rental Value,2 bed,1 bath,"1,320 sqft.",Single-Family
"$514,651","9th St Nw, Washington, DC 20012",$2570/m Estimated Rental Value,3 bed,1.5 bath,"1,088 sqft.",Single-Family
,"1st Pl Ne, Apt 6, Washington, DC 20011",*Rental Value Coming Soon,,,,
"$627,000","Harvard St Nw, Washington, DC 20001",$2760/m Estimated Rental Value,4 bed,2 bath,"1,634 sqft.",Multi-Family
,"7th St Nw, Washington, DC 20001",*Rental Value Coming Soon,,,,
"$400,389","Harvard St Nw # T1, Washington, DC 20009",$2070/m Estimated Rental Value,1 bed,1 bath,640 sqft.,Condo
"$280,000","35th St Ne, Washington, DC 20019",$1660/m Estimated Rental Value,4 bed,4 bath,"3,230 sqft.",Multi-Family
"$381,052","36th St Ne, Washington, DC 20019",$1510/m Estimated Rental Value,3 bed,1 bath,992 sqft.,Townhome
"$572,445","3rd Pl Nw, Washington, DC 20011",$2580/m Estimated Rental Value,4 bed,2 bath,"1,600 sqft.",Single-Family
"$300,319","Nash St Ne, Washington, DC 20019",$1620/m Estimated Rental Value,2 bed,1 bath,896 sqft.,Single-Family
"$545,537","New York Ave Nw Apt 202, Washington, DC 20001",$2240/m Estimated Rental Value,2 bed,1 bath,990 sqft.,Condo
"$378,960","1st St Nw Apt 10, Washington, DC 20001",$1880/m Estimated Rental Value,1 bed,1 bath,551 sqft.,Condo
"$480,726","Tobias Dr Se, Washington, DC 20020",$1600/m Estimated Rental Value,3 bed,3 bath,"2,160 sqft.",Townhome
"$408,171","P St Se, Washington, DC 20020",$2120/m Estimated Rental Value,3 bed,3 bath,"1,250 sqft.",Single-Family
"$220,766","Cathedral Ave Nw Apt 1..., Washington, DC 20016",$1500/m Estimated Rental Value,,1 bath,553 sqft.,Condo
"$434,875","Wahler Pl Se, Washington, DC 20032",$1390/m Estimated Rental Value,3 bed,3 bath,"1,408 sqft.",Townhome
"$683,549","Shepherd St Nw, Washington, DC 20011",$2680/m Estimated Rental Value,3 bed,1 bath,"1,820 sqft.",Townhome
"$450,392","Q St Se, Washington, DC 20020",$1610/m Estimated Rental Value,4 bed,3 bath,"1,120 sqft.",Multi-Family
"$157,253","Naylor Rd Se Apt 302, Washington, DC 20020",$1450/m Estimated Rental Value,2 bed,1 bath,848 sqft.,Condo
"$771,081","Columbia Rd Nw, Washington, DC 20001",$2700/m Estimated Rental Value,3 bed,1 bath,"1,122 sqft.",Townhome
"$1,027,735","11th St Se, Washington, DC 20003",$3190/m Estimated Rental Value,4 bed,4 bath,"3,296 sqft.",Multi-Family
,"14th St Se # B, Washington, DC 20003",*Rental Value Coming Soon,3 bed,3 bath,"1,713 sqft.",Condo
"$460,023","Banks Pl Ne, Washington, DC 20019",$1790/m Estimated Rental Value,3 bed,2 bath,"1,152 sqft.",Single-Family
"$913,967","43rd Pl Nw, Washington, DC 20016",$3010/m Estimated Rental Value,2 bed,1 bath,"1,008 sqft.",Single-Family
,"Skyland Pl Se, Washington, DC 20020",*Rental Value Coming Soon,3 bed,2 bath,"1,224 sqft.",Townhome
"$616,910","8th St Ne, Washington, DC 20017",$2070/m Estimated Rental Value,3 bed,2 bath,"1,188 sqft.",Townhome
"$628,296","Eastern Ave Ne, Washington, DC 20017",$2640/m Estimated Rental Value,3 bed,2 bath,"1,400 sqft.",Single-Family
"$556,466","Peabody St Ne, Washington, DC 20011",$2370/m Estimated Rental Value,3 bed,2 bath,"1,216 sqft.",Single-Family
"$256,893","Alabama Ave Se Unit B, Washington, DC 20020",$1520/m Estimated Rental Value,2 bed,1 bath,"1,216 sqft.",Condo
"$429,272","13th St Ne, Washington, DC 20017",$2520/m Estimated Rental Value,4 bed,2 bath,"1,316 sqft.",Single-Family
"$403,035","24th St Se, Washington, DC 20020",$2040/m Estimated Rental Value,2 bed,1 bath,"1,152 sqft.",Single-Family
,"15th St Se # P-1, Washington, DC 20003",*Rental Value Coming Soon,,,,Condo
"$402,000","Bass Pl Se, Washington, DC 20019",$1408/m Estimated Rental Value,4 bed,4 bath,"2,442 sqft.",Multi-Family
,"30th St Se Apt 2, Washington, DC 20020",*Rental Value Coming Soon,,,,
,"3rd St Se Apt 204, Washington, DC 20032",*Rental Value Coming Soon,,,,
,"M St Se, Ste 600, Washington, DC 20003",*Rental Value Coming Soon,,,,
"$482,000","10th St Ne, Washington, DC 20018",$3460/m Estimated Rental Value,,,,
,"Taylor St Ne Apt 44g, Washington, DC 20017",*Rental Value Coming Soon,,,,
,"M St Ne Apt 323, Washington, DC 20002",*Rental Value Coming Soon,,,,
"$368,379","Douglas St Ne, Washington, DC 20019",$1920/m Estimated Rental Value,2 bed,2 bath,"1,307 sqft.",Single-Family
,"Savannah Ter Se Apt D, Washington, DC 20020",*Rental Value Coming Soon,,,,
"$375,081","52nd St Ne, Washington, DC 20019",$1790/m Estimated Rental Value,2 bed,1 bath,810 sqft.,Single-Family
"$420,585","E Capitol St Se, Washington, DC 20019",$1880/m Estimated Rental Value,3 bed,1.5 bath,"1,273 sqft.",Single-Family
,"Talbert St Se # 17a, Washington, DC 20020",*Rental Value Coming Soon,3 bed,3 bath,"1,530 sqft.",Condo
"$395,359","Central Ave Se, Washington, DC 20019",$1760/m Estimated Rental Value,2 bed,1 bath,800 sqft.,Single-Family
"$236,012","56th Pl Ne, Washington, DC 20019",$1790/m Estimated Rental Value,3 bed,2 bath,634 sqft.,Single-Family
,"4th St Sw Apt W115, Washington, DC 20024",*Rental Value Coming Soon,1 bed,1 bath,889 sqft.,Condo
"$381,578","Dubois Pl Se, Washington, DC 20019",$1920/m Estimated Rental Value,3 bed,1 bath,984 sqft.,Single-Family
"$408,262","Buena Vista Ter Se, Washington, DC 20020",$2060/m Estimated Rental Value,3 bed,2 bath,"1,326 sqft.",Single-Family
"$502,660","17th St Nw Apt 72, Washington, DC 20009",$2340/m Estimated Rental Value,1 bed,1 bath,694 sqft.,Condo
"$1,930,500","52nd St Nw, Washington, DC 20016",$6360/m Estimated Rental Value,4 bed,4 bath,"4,076 sqft.",Single-Family
"$318,125","Darrington St Sw, Washington, DC 20032",$2000/m Estimated Rental Value,3 bed,2 bath,"1,136 sqft.",Single-Family
,"New Hampshire Ave Nw, Washington, DC 20036",*Rental Value Coming Soon,8 bed,3 bath,"3,412 sqft.",Townhome
"$470,487","Savannah St Se, Washington, DC 20032",$1940/m Estimated Rental Value,4 bed,2 bath,"1,476 sqft.",Single-Family
"$642,000","Warner St Nw, Washington, DC 20001",$2910/m Estimated Rental Value,3 bed,2 bath,"1,279 sqft.",Multi-Family
"$402,325","54th St Ne, Washington, DC 20019",$1790/m Estimated Rental Value,3 bed,1 bath,"1,476 sqft.",Single-Family
"$539,893","57th St Ne, Washington, DC 20019",$1850/m Estimated Rental Value,6 bed,4.5 bath,0 sqft.,Single-Family
"$410,875","55th St Ne, Washington, DC 20019",$1790/m Estimated Rental Value,3 bed,1 bath,"1,476 sqft.",Single-Family
"$270,001","Cathedral Ave Nw # 23, Washington, DC 20016",$1670/m Estimated Rental Value,1 bed,1 bath,753 sqft.,Condo
"$681,616","8th St Nw, Washington, DC 20011",$2440/m Estimated Rental Value,3 bed,3 bath,"1,054 sqft.",Single-Family
"$943,794","28th St Nw, Washington, DC 20007",$3120/m Estimated Rental Value,2 bed,1 bath,844 sqft.,Townhome
,"17th Pl Se, Washington, DC 20020",*Rental Value Coming Soon,,,,Multi-Family
,"Gainesville St Se, # 395, Washington, DC 20020",*Rental Value Coming Soon,,,,
"$479,180","D St Se, Washington, DC 20019",$1388/m Estimated Rental Value,3 bed,2.5 bath,"2,310 sqft.",Single-Family
"$1,264,086","16th St Nw, Washington, DC 20011",$3740/m Estimated Rental Value,4 bed,3.5 bath,"3,078 sqft.",Single-Family
,"V4th St Nw, Washington, DC 20011",*Rental Value Coming Soon,,,,
"$416,100","Blaine St Ne, Washington, DC 20019",$1510/m Estimated Rental Value,3 bed,1.5 bath,"1,056 sqft.",Single-Family
"$228,732","G St Se, Washington, DC 20019",$1880/m Estimated Rental Value,2 bed,1 bath,832 sqft.,Single-Family
"$969,592","Suitland Rd Se, Washington, DC 20020",$2190/m Estimated Rental Value,3 bed,2.5 bath,"2,192 sqft.",Single-Family
"$738,948","17th Pl Ne, Washington, DC 20018",$2680/m Estimated Rental Value,3 bed,1.5 bath,"1,200 sqft.",Single-Family
"$632,747","Pope St Se, Washington, DC 20020",$2140/m Estimated Rental Value,3 bed,1 bath,"1,653 sqft.",Single-Family
"$592,133","Kennedy St Ne, Washington, DC 20011",$2290/m Estimated Rental Value,3 bed,1.5 bath,"1,088 sqft.",Single-Family
,"Macarthur Blvd Nw, Washington, DC 20016",*Rental Value Coming Soon,,,,Commercial
"$289,120","Elmira St Sw, Washington, DC 20032",$2040/m Estimated Rental Value,2 bed,1.5 bath,928 sqft.,Single-Family
,"Maryland Avenue Sw, Washington, DC 20024",*Rental Value Coming Soon,,,,
,"28th St Se Apt 4, Washington, DC 20020",*Rental Value Coming Soon,,,,
,"21st Pl Se # 1, Washington, DC 20020",*Rental Value Coming Soon,2 bed,2.5 bath,"2,100 sqft.",Multi-Family
,"New York Ave Ne Ste 222, Washington, DC 20002",*Rental Value Coming Soon,,,,
"$252,010","Wisconsin Ave Nw Apt 614, Washington, DC 20007",$1760/m Estimated Rental Value,1 bed,1 bath,439 sqft.,Condo
"$653,553","Neal St Ne, Washington, DC 20002",$1850/m Estimated Rental Value,3 bed,1 bath,"1,020 sqft.",Townhome
"$648,351","Kearny St Ne, Washington, DC 20018",$2680/m Estimated Rental Value,3 bed,2 bath,"1,640 sqft.",Single-Family
"$442,431","Underwood St Nw, Washington, DC 20012",$2060/m Estimated Rental Value,2 bed,1 bath,832 sqft.,Single-Family
"$385,583","Martin Luther King Jr ..., Washington, DC 20032",$1490/m Estimated Rental Value,2 bed,3 bath,"1,152 sqft.",Townhome
"$483,376","Irving St Ne, Washington, DC 20017",$2500/m Estimated Rental Value,2 bed,2 bath,750 sqft.,Single-Family
"$175,189","W St Se Apt 302, Washington, DC 20020",$1470/m Estimated Rental Value,2 bed,1 bath,644 sqft.,Condo
"$573,755","Queens Stroll Pl Se, Washington, DC 20019",$1760/m Estimated Rental Value,4 bed,4 bath,"2,890 sqft.",Single-Family
"$354,866","C St Se, Washington, DC 20019",$1900/m Estimated Rental Value,2 bed,2 bath,"1,172 sqft.",Single-Family
"$512,160","Division Ave Ne, Washington, DC 20019",$1790/m Estimated Rental Value,3 bed,3 bath,"1,888 sqft.",Single-Family
"$125,529","Chesapeake St Se # 206, Washington, DC 20032",$1398/m Estimated Rental Value,2 bed,1 bath,884 sqft.,Condo
"$369,885","Fort Davis St Se, Washington, DC 20020",$1560/m Estimated Rental Value,2 bed,1 bath,986 sqft.,Townhome
"$208,942","Massachusetts Ave Nw U..., Washington, DC 20005",$1720/m Estimated Rental Value,,1 bath,310 sqft.,Condo
"$283,929","Jay St Ne, Washington, DC 20019",$1640/m Estimated Rental Value,4 bed,1 bath,948 sqft.,Single-Family
"$267,000","Mount View Pl Se, Washington, DC 20020",$1570/m Estimated Rental Value,4 bed,2 bath,"1,488 sqft.",Multi-Family
"$307,500","T St Se Apt 3, Washington, DC 20020",$1550/m Estimated Rental Value,4 bed,2 bath,,Condo
"$915,239","G St Ne, Washington, DC 20002",$2740/m Estimated Rental Value,3 bed,2 bath,"1,802 sqft.",Single-Family
"$177,353","50th St Se Apt 404, Washington, DC 20019",$1388/m Estimated Rental Value,2 bed,1 bath,,Condo
"$458,524","2nd St Ne, Washington, DC 20011",$2060/m Estimated Rental Value,2 bed,1.5 bath,"1,088 sqft.",Single-Family
"$598,121","7th St Nw, Washington, DC 20011",$2200/m Estimated Rental Value,4 bed,1 bath,832 sqft.,Single-Family
"$198,577","37th St Se Unit B, Washington, DC 20020",$1500/m Estimated Rental Value,,,,
,"16th St Nw Apt Bg54, Washington, DC 20010",*Rental Value Coming Soon,,,,
"$767,202","17th St Ne, Washington, DC 20018",$2680/m Estimated Rental Value,3 bed,2.5 bath,"1,440 sqft.",Single-Family
,"Oakwood St Se # S-75, Washington, DC 20032",*Rental Value Coming Soon,,,,Condo
,"Oakwood St Se # S-77, Washington, DC 20032",*Rental Value Coming Soon,,,,Condo
,"Oakwood St Se # S-58, Washington, DC 20032",*Rental Value Coming Soon,,,,Condo
,"Oakwood St Se # S-81, Washington, DC 20032",*Rental Value Coming Soon,,,,Condo
,"Oakwood St Se # S-67, Washington, DC 20032",*Rental Value Coming Soon,,,,Condo
,"Oakwood St Se # S-70, Washington, DC 20032",*Rental Value Coming Soon,,,,Condo
,"Oakwood St Se # S-78, Washington, DC 20032",*Rental Value Coming Soon,,,,Condo
,"Oakwood St Se # S-59, Washington, DC 20032",*Rental Value Coming Soon,,,,Condo
,"Oakwood St Se # S-64, Washington, DC 20032",*Rental Value Coming Soon,,,,Condo
,"Oakwood St Se # S-66, Washington, DC 20032",*Rental Value Coming Soon,,,,Condo
,"Oakwood St Se # S-76, Washington, DC 20032",*Rental Value Coming Soon,,,,Condo
,"Oakwood St Se # S-52, Washington, DC 20032",*Rental Value Coming Soon,,,,Condo
,"Oakwood St Se # S-79, Washington, DC 20032",*Rental Value Coming Soon,,,,Condo
,"Oakwood St Se # S-68, Washington, DC 20032",*Rental Value Coming Soon,,,,Condo
,"Oakwood St Se # S-31, Washington, DC 20032",*Rental Value Coming Soon,,,,Condo
,"Oakwood St Se # S-69, Washington, DC 20032",*Rental Value Coming Soon,,,,Condo
,"Oakwood St Se # S-80, Washington, DC 20032",*Rental Value Coming Soon,,,,Condo
,"Oakwood St Se # S-44, Washington, DC 20032",*Rental Value Coming Soon,,,,Condo
,"Oakwood St Se # S-33, Washington, DC 20032",*Rental Value Coming Soon,,,,Condo
,"Oakwood St Se # S-72, Washington, DC 20032",*Rental Value Coming Soon,,,,Condo
,"Oakwood St Se # S-45, Washington, DC 20032",*Rental Value Coming Soon,,,,Condo
,"Oakwood St Se # S-65, Washington, DC 20032",*Rental Value Coming Soon,,,,Condo
,"Oakwood St Se # S-61, Washington, DC 20032",*Rental Value Coming Soon,,,,Condo
,"Oakwood St Se # S-74, Washington, DC 20032",*Rental Value Coming Soon,,,,Condo
,"Oakwood St Se # S-63, Washington, DC 20032",*Rental Value Coming Soon,,,,Condo
,"Oakwood St Se # S-48, Washington, DC 20032",*Rental Value Coming Soon,,,,Condo
,"Oakwood St Se # S-62, Washington, DC 20032",*Rental Value Coming Soon,,,,Condo
,"Oakwood St Se # S-73, Washington, DC 20032",*Rental Value Coming Soon,,,,Condo
,"Oakwood St Se # S-50, Washington, DC 20032",*Rental Value Coming Soon,,,,Condo
,"Oakwood St Se # S-71, Washington, DC 20032",*Rental Value Coming Soon,,,,Condo
,"Oakwood St Se # S-49, Washington, DC 20032",*Rental Value Coming Soon,,,,Condo
,"Oakwood St Se # S-60, Washington, DC 20032",*Rental Value Coming Soon,,,,Condo
"$726,841","Pennsylvania Ave Se, Washington, DC 20003",$2520/m Estimated Rental Value,3 bed,1 bath,"1,192 sqft.",Townhome
"$492,001","P St Nw, Washington, DC 20036",$3470/m Estimated Rental Value,4 bed,4 bath,"3,202 sqft.",Multi-Family
"$639,000","K St Nw, Washington, DC 20001",$2770/m Estimated Rental Value,4 bed,3 bath,"1,360 sqft.",Multi-Family
,"R St Ne # A, Washington, DC 20002",*Rental Value Coming Soon,3 bed,4 bath,"1,484 sqft.",Condo
"$826,943","Emerald St Ne, Washington, DC 20002",$2660/m Estimated Rental Value,3 bed,2 bath,"1,324 sqft.",Townhome
"$300,091","Texas Ave Se, Washington, DC 20019",$1530/m Estimated Rental Value,2 bed,1 bath,832 sqft.,Townhome
"$405,900","Taylor St Ne, Washington, DC 20017",$2140/m Estimated Rental Value,3 bed,2 bath,"1,088 sqft.",Townhome
"$651,892","Shepherd St Ne, Washington, DC 20017",$2230/m Estimated Rental Value,3 bed,1 bath,930 sqft.,Single-Family
,"Woodcrest Dr Se, Washington, DC 20032",*Rental Value Coming Soon,3 bed,4 bath,"1,610 sqft.",Townhome
"$503,058","4th St Ne Apt 1, Washington, DC 20002",$1920/m Estimated Rental Value,2 bed,2 bath,954 sqft.,Condo
"$394,525","Dexter Ter Se, Washington, DC 20020",$1570/m Estimated Rental Value,2 bed,1 bath,900 sqft.,Townhome
"$756,661","Randolph St Nw, Washington, DC 20011",$2750/m Estimated Rental Value,,,,
"$226,182","50th Pl Ne, Washington, DC 20019",$1790/m Estimated Rental Value,,,,Single-Family
"$937,530","12th St Nw, Washington, DC 20012",$3140/m Estimated Rental Value,3 bed,2.5 bath,"1,638 sqft.",Single-Family
"$810,530","Shepherd St Nw, Washington, DC 20011",$2790/m Estimated Rental Value,5 bed,2.5 bath,"2,112 sqft.",Townhome
,"8th St Nw Apt 307, Washington, DC 20011",*Rental Value Coming Soon,,,,
"$735,608","A St Ne, Washington, DC 20002",$2400/m Estimated Rental Value,3 bed,2.5 bath,"1,512 sqft.",Single-Family
,"Quarles St Ne, Washington, DC 20019",*Rental Value Coming Soon,,,,
"$567,680","7th St Nw, Washington, DC 20011",$2500/m Estimated Rental Value,3 bed,1 bath,"1,080 sqft.",Single-Family
,"H St Ne # 205, Washington, DC 20002",*Rental Value Coming Soon,,,,
"$663,289","Emerson St Nw, Washington, DC 20011",$2480/m Estimated Rental Value,3 bed,1 bath,"1,280 sqft.",Single-Family
"$395,000","17th St Nw Apt 504, Washington, DC 20009",*Rental Value Coming Soon,1 bed,1 bath,800 sqft.,Co-Op
"$448,649","B St Se, Washington, DC 20019",$1760/m Estimated Rental Value,,,,Single-Family
"$785,390","13th St Ne, Washington, DC 20017",$2330/m Estimated Rental Value,3 bed,2 bath,"1,435 sqft.",Single-Family
"$637,193","Longfellow St Nw, Washington, DC 20011",$2500/m Estimated Rental Value,,,,
"$770,907","Madison St Nw, Washington, DC 20011",$2980/m Estimated Rental Value,3 bed,2 bath,"1,682 sqft.",Single-Family
"$883,000","Clifton St Nw, Washington, DC 20009",$2920/m Estimated Rental Value,5 bed,2 bath,"3,131 sqft.",Single-Family
"$503,001","21st St Ne, Washington, DC 20002",$2430/m Estimated Rental Value,5 bed,4 bath,"2,720 sqft.",Multi-Family
"$334,669","Cathedral Ave Nw Apt 616e, Washington, DC 20016",$2050/m Estimated Rental Value,,,,Condo
"$132,029","Ridge Rd Se Apt 206, Washington, DC 20019",$1440/m Estimated Rental Value,2 bed,1 bath,,Condo
"$501,955","Tuckerman St Nw, Washington, DC 20011",$2440/m Estimated Rental Value,3 bed,1.5 bath,"1,088 sqft.",Single-Family
,"Falls Ter Se Apt 4, Washington, DC 20019",*Rental Value Coming Soon,,,,
"$362,941","Fort Davis Pl Se, Washington, DC 20020",$1550/m Estimated Rental Value,3 bed,1.5 bath,"1,024 sqft.",Townhome
"$653,400","Kansas Ave Nw, Washington, DC 20011",$2360/m Estimated Rental Value,3 bed,2 bath,"1,152 sqft.",Townhome
"$448,965","Hanna Pl Se, Washington, DC 20019",$1420/m Estimated Rental Value,2 bed,1 bath,896 sqft.,Townhome
"$653,973","New York Ave Nw Unit 6, Washington, DC 20001",$2240/m Estimated Rental Value,2 bed,2.5 bath,,Condo
"$873,626","9th St Nw, Washington, DC 20012",$3140/m Estimated Rental Value,3 bed,1.5 bath,"1,576 sqft.",Single-Family
"$271,000","Parkland Pl Se, Washington, DC 20032",$1770/m Estimated Rental Value,,,,Multi-Family
"$506,949","Irving St Nw, Washington, DC 20010",$2510/m Estimated Rental Value,3 bed,1 bath,"1,088 sqft.",Single-Family
"$1,158,000","Chapin St Nw, Washington, DC 20009",$3230/m Estimated Rental Value,6 bed,3.5 bath,"2,706 sqft.",Multi-Family
,"Bruce Pl Se Apt 201, Washington, DC 20020",*Rental Value Coming Soon,,,,
"$573,728","2nd St Ne, Washington, DC 20002",$1890/m Estimated Rental Value,2 bed,2 bath,"1,202 sqft.",Single-Family
"$489,143","Barnaby St Se, Washington, DC 20032",$1430/m Estimated Rental Value,3 bed,2.5 bath,"1,646 sqft.",Single-Family
,"Willow St Nw # 314, Washington, DC 20012",*Rental Value Coming Soon,,,,
,"Rhode Island Ave Ne # 513, Washington, DC 20002",*Rental Value Coming Soon,,,,
"$406,672","Central Ave Se, Washington, DC 20019",$1388/m Estimated Rental Value,2 bed,1.5 bath,996 sqft.,Single-Family
,"Morse St Ne # No621, Washington, DC 20002",*Rental Value Coming Soon,,,,
"$409,052","Danbury St Sw, Washington, DC 20032",$1500/m Estimated Rental Value,,,,
,"7th St Nw Apt 5, Washington, DC 20001",*Rental Value Coming Soon,,,,
"$764,699","Illinois Ave Nw, Washington, DC 20011",$2760/m Estimated Rental Value,4 bed,2 bath,"1,680 sqft.",Single-Family
"$1,138,500","Kenyon St Nw, Washington, DC 20010",$3360/m Estimated Rental Value,6 bed,3 bath,"3,456 sqft.",Single-Family
,"Kennedy St Nw, Washington, DC 20011",*Rental Value Coming Soon,,1.5 bath,,Commercial
"$2,054,400","Mckinley St Nw, Washington, DC 20015",$43914/m Estimated Rental Value,3 bed,2.5 bath,"1,894 sqft.",Single-Family
,"Ridge Rd Se, Washington, DC 20019",*Rental Value Coming Soon,2 bed,1 bath,720 sqft.,Condo
"$407,782","33rd St Ne, Washington, DC 20019",$1420/m Estimated Rental Value,2 bed,1 bath,832 sqft.,Single-Family
,"Adams St Ne # 102, Washington, DC 20002",*Rental Value Coming Soon,,,,
"$841,998","Eastern Ave Ne, Washington, DC 20011",$3260/m Estimated Rental Value,3 bed,2.5 bath,"1,682 sqft.",Single-Family
"$4,314,366","Wyoming Ave Nw, Washington, DC 20008",$7761/m Estimated Rental Value,,,,Commercial
"$1,210,377","29th St Nw, Washington, DC 20015",$4140/m Estimated Rental Value,4 bed,3.5 bath,"1,508 sqft.",Single-Family
"$524,089","Fort Lincoln Dr Ne, Washington, DC 20018",*Rental Value Coming Soon,,,,
"$676,145","I St Ne, Washington, DC 20002",$2320/m Estimated Rental Value,3 bed,1.5 bath,"1,310 sqft.",Single-Family
,"H St Ne # 849, Washington, DC 20002",*Rental Value Coming Soon,,,,
"$531,869","Highwood Dr Se, Washington, DC 20020",$2140/m Estimated Rental Value,3 bed,1.5 bath,"1,600 sqft.",Single-Family
"$394,293","41st St Se, Washington, DC 20020",$2060/m Estimated Rental Value,3 bed,1.5 bath,"1,160 sqft.",Single-Family
"$3,669,493","Western Ave Nw, Washington, DC 20015",$6880/m Estimated Rental Value,,,,
"$455,994","Oglethorpe St Ne, Washington, DC 20011",$2250/m Estimated Rental Value,3 bed,1.5 bath,"1,123 sqft.",Single-Family
"$586,642","Longfellow St Nw, Washington, DC 20011",$2600/m Estimated Rental Value,,,,
"$348,088","Branch Ave Se, Washington, DC 20019",$2040/m Estimated Rental Value,3 bed,1 bath,992 sqft.,Single-Family
,"16th St Nw, Unit T02, Washington, DC 20036",*Rental Value Coming Soon,,,,
"$309,771","49th St Ne, Washington, DC 20019",$1790/m Estimated Rental Value,3 bed,1 bath,"1,355 sqft.",Single-Family
,"4th St Se, #e 302, Washington, DC 20024",*Rental Value Coming Soon,,,,
,"Rhode Island Ave Ne, U..., Washington, DC 20002",*Rental Value Coming Soon,,,,
,"Savannah St Se Apt 304, Washington, DC 20020",*Rental Value Coming Soon,,,,
"$414,885","Barnaby St Se, Washington, DC 20032",$1400/m Estimated Rental Value,4 bed,2.5 bath,"2,092 sqft.",Single-Family
"$556,937","Ord St Ne, Washington, DC 20019",$1920/m Estimated Rental Value,4 bed,2.5 bath,"2,888 sqft.",Single-Family
"$491,217","Highwood Pl Se, Washington, DC 20020",$2140/m Estimated Rental Value,3 bed,3.5 bath,"1,576 sqft.",Single-Family
,"Pennsylvania Ave Nw St..., Washington, DC 20004",*Rental Value Coming Soon,,,,
"$3,226,576","Sudbury Ln Nw, Washington, DC 20012",$11554/m Estimated Rental Value,5 bed,4 bath,"3,520 sqft.",Single-Family
,"12th St Nw Ste 700, Washington, DC 20005",*Rental Value Coming Soon,,,,
,"G St Ne, Washington, DC 20002",*Rental Value Coming Soon,,,,
"$286,140","Edson Pl Ne, Washington, DC 20019",$1720/m Estimated Rental Value,4 bed,1.5 bath,"1,315 sqft.",Single-Family
"$350,550","Bowen Rd Se Apt 403, Washington, DC 20020",$1490/m Estimated Rental Value,2 bed,1 bath,930 sqft.,Condo
,"New Jersey Ave Nw Apt 809, Washington, DC 20001",*Rental Value Coming Soon,,,,
"$448,748","4th St Sw Apt S120, Washington, DC 20024",$2200/m Estimated Rental Value,,,,
,"15th St Nw Apt 610, Washington, DC 20009",*Rental Value Coming Soon,,,,
"$766,994","Alaska Ave Nw, Washington, DC 20012",$3140/m Estimated Rental Value,3 bed,2.5 bath,"1,768 sqft.",Single-Family
,"Livingston Rd Se Apt 202, Washington, DC 20032",*Rental Value Coming Soon,,,,
,"Southern Ave Se Apt 801, Washington, DC 20032",*Rental Value Coming Soon,,,,
,"Galloway St Ne # 549s, Washington, DC 20011",*Rental Value Coming Soon,,,,
,"Town Center Dr Se, Apt..., Washington, DC 20020",*Rental Value Coming Soon,,,,
"$590,089","N Capitol St Ne, Washington, DC 20011",$2420/m Estimated Rental Value,3 bed,2 bath,"1,240 sqft.",Single-Family
,"23rd St Se Apt 252b, Washington, DC 20020",*Rental Value Coming Soon,,,,
,"Terrace Rd Se Apt B610, Washington, DC 20020",*Rental Value Coming Soon,,,,
,"Maine Ave Sw, # E701, Washington, DC 20024",*Rental Value Coming Soon,,,,
"$745,437","16th St Se, Washington, DC 20003",$2720/m Estimated Rental Value,3 bed,1 bath,960 sqft.,Single-Family
"$632,163","18th St Ne, Washington, DC 20002",$1750/m Estimated Rental Value,3 bed,2 bath,"1,368 sqft.",Single-Family
"$1,108,585","Corcoran St Nw, Washington, DC 20009",$3130/m Estimated Rental Value,3 bed,1 bath,"1,708 sqft.",Single-Family
"$318,927","Newcomb St Se, Washington, DC 20032",$1780/m Estimated Rental Value,2 bed,1.5 bath,"1,232 sqft.",Single-Family
,"Connecticut Ave Nw # 134, Washington, DC 20015",*Rental Value Coming Soon,,,,
"$723,216","Otis St Ne, Washington, DC 20018",$2890/m Estimated Rental Value,4 bed,2.5 bath,"1,656 sqft.",Single-Family
"$732,859","Kansas Ave Nw, Washington, DC 20011",$2640/m Estimated Rental Value,3 bed,1.5 bath,"1,484 sqft.",Single-Family
,"7th St Ne, Washington, DC 20002",*Rental Value Coming Soon,,,,
,"E St Se # 321, Washington, DC 20003",*Rental Value Coming Soon,,,,
"$630,658","Montana Ave Ne, Washington, DC 20018",$2680/m Estimated Rental Value,3 bed,1.5 bath,"1,375 sqft.",Single-Family
"$544,500","9th St Nw, Washington, DC 20011",$2380/m Estimated Rental Value,4 bed,2.5 bath,"1,836 sqft.",Single-Family
,"New York Ave Ne # 609, Washington, DC 20002",*Rental Value Coming Soon,,,,
"$641,092","Sherman Ave Nw, Washington, DC 20001",$2620/m Estimated Rental Value,3 bed,2 bath,"1,080 sqft.",Single-Family
"$302,641","4th St Ne Apt 106, Washington, DC 20002",$1570/m Estimated Rental Value,1 bed,1 bath,,Condo
"$502,110","Oneida St Ne, Washington, DC 20011",$2260/m Estimated Rental Value,3 bed,1 bath,"1,152 sqft.",Single-Family
,"Connecticut Ave Nw Ste..., Washington, DC 20036",*Rental Value Coming Soon,,,,
,"Savannah St Se Apt 204, Washington, DC 20020",*Rental Value Coming Soon,,,,
"$3,870,076","Asbury Pl Nw, Washington, DC 20016",$5200/m Estimated Rental Value,4 bed,3 bath,"2,464 sqft.",Single-Family
"$1,640,502","Asbury Pl Nw, Washington, DC 20016",$43904/m Estimated Rental Value,4 bed,3 bath,"1,813 sqft.",Single-Family
,"Penn St Ne Apt 2, Washington, DC 20002",*Rental Value Coming Soon,,,,
,"Livingston Rd Se, Apt 13, Washington, DC 20032",*Rental Value Coming Soon,,,,
,"17th St Nw, Washington, DC 20036",*Rental Value Coming Soon,,2.5 bath,,Commercial
"$763,000","P St Nw, Washington, DC 20001",$2510/m Estimated Rental Value,4 bed,1 bath,"1,416 sqft.",Single-Family
"$987,017","Pennsylvania Ave Se, Washington, DC 20003",*Rental Value Coming Soon,,1.5 bath,,Commercial
"$623,423","5th St Nw, Washington, DC 20011",$2270/m Estimated Rental Value,3 bed,1 bath,"1,054 sqft.",Single-Family
"$948,000","R St Ne, Washington, DC 20002",$1980/m Estimated Rental Value,4 bed,2 bath,"1,836 sqft.",Multi-Family
"$378,000","R St Se, Washington, DC 20020",$1740/m Estimated Rental Value,,,,
"$551,000","Emerson St Nw, Washington, DC 20011",$3370/m Estimated Rental Value,,,,
"$354,000","17th St Se, Washington, DC 20020",$1740/m Estimated Rental Value,,,,
"$489,000","17th Pl Se, Washington, DC 20020",$1740/m Estimated Rental Value,4 bed,4 bath,"2,720 sqft.",Multi-Family
"$267,000","17th Pl Se, Washington, DC 20020",$1740/m Estimated Rental Value,4 bed,4 bath,"2,720 sqft.",Multi-Family
"$408,000","Raum St Ne, Washington, DC 20002",$1740/m Estimated Rental Value,,,,
"$543,000","3rd St Se, Washington, DC 20003",$5580/m Estimated Rental Value,,,,Multi-Family
"$380,000","9th St Se, Washington, DC 20032",$2220/m Estimated Rental Value,,,,
"$296,000","28th St Se, Washington, DC 20020",$1780/m Estimated Rental Value,,,,Multi-Family
"$283,000","27th St Se, Washington, DC 20020",$2180/m Estimated Rental Value,,,,
"$527,000","Peabody St Nw, Washington, DC 20011",$3260/m Estimated Rental Value,8 bed,4 bath,"3,180 sqft.",Multi-Family
"$786,176","Hillside Rd Se, Washington, DC 20019",$1660/m Estimated Rental Value,,,,
"$636,000","T St Nw, Washington, DC 20001",$2860/m Estimated Rental Value,4 bed,2 bath,"1,985 sqft.",Multi-Family
"$240,636","New Hampshire Ave Nw A..., Washington, DC 20009",$1910/m Estimated Rental Value,,,,
,"New Jersey Ave Se # 1120, Washington, DC 20003",*Rental Value Coming Soon,,,,
"$463,920","Oakwood St Se, Washington, DC 20032",$1870/m Estimated Rental Value,2 bed,1 bath,"1,208 sqft.",Single-Family
"$723,726","Hamlin St Ne, Washington, DC 20017",$2500/m Estimated Rental Value,2 bed,1.5 bath,"1,324 sqft.",Single-Family
,"16th St Nw Apt 605, Washington, DC 20009",*Rental Value Coming Soon,,,,
"$672,432","Newton Pl Nw, Washington, DC 20010",$2500/m Estimated Rental Value,2 bed,1 bath,"1,320 sqft.",Single-Family
,"Mccollough Ct Nw Apt 401, Washington, DC 20001",*Rental Value Coming Soon,,,,
"$346,000","Connecticut Ave Nw, Washington, DC 20008",$2170/m Estimated Rental Value,,,,
,"Webster St Ne Apt 204, Washington, DC 20011",*Rental Value Coming Soon,,,,
"$1,214,376","Sycamore St Nw, Washington, DC 20012",$3800/m Estimated Rental Value,3 bed,4 bath,"2,263 sqft.",Single-Family
,"K St Ne # 110, Washington, DC 20002",*Rental Value Coming Soon,,,,
,"I St Ne, Ste 100, Washington, DC 20002",*Rental Value Coming Soon,,,,
,"15th St Nw Ste 900, Washington, DC 20005",*Rental Value Coming Soon,,,,
,"Mississippi Ave Se # 207, Washington, DC 20032",*Rental Value Coming Soon,,,,
,"Kenyon St Nw Apt 401, Washington, DC 20010",*Rental Value Coming Soon,,,,
"$318,125","Good Hope Rd Se, Washington, DC 20020",$1580/m Estimated Rental Value,3 bed,1 bath,"1,080 sqft.",Single-Family
,"17th St Nw Apt B1, Washington, DC 20036",*Rental Value Coming Soon,,,,
,"E St Se Apt 2, Washington, DC 20019",*Rental Value Coming Soon,,,,
,"Connecticut Ave Nw Ste..., Washington, DC 20015",*Rental Value Coming Soon,,,,
,"Savannah St Se, Apt 4, Washington, DC 20020",*Rental Value Coming Soon,,,,
"$906,035","S Dakota Ave Ne, Washington, DC 20018",$3770/m Estimated Rental Value,6 bed,2.5 bath,"3,280 sqft.",Single-Family
,"Chillum Pl Ne Apt G1, Washington, DC 20011",*Rental Value Coming Soon,,,,
"$295,362","Fort Dupont St Se, Washington, DC 20020",$1550/m Estimated Rental Value,2 bed,1 bath,832 sqft.,Single-Family
,"20th St Ne Apt 11, Washington, DC 20002",*Rental Value Coming Soon,,,,
"$259,900","Cathedral Ave Nw Apt 108, Washington, DC 20016",$1770/m Estimated Rental Value,1 bed,1 bath,765 sqft.,Condo
"$344,714","Foote St Ne, Washington, DC 20019",$1720/m Estimated Rental Value,3 bed,1 bath,"1,000 sqft.",Single-Family
,"Georgia Ave Nw, Washington, DC 20010",*Rental Value Coming Soon,,,,
,"Chapin St Nw # 1, Washington, DC 20009",*Rental Value Coming Soon,2 bed,1 bath,764 sqft.,Condo
"$107,977","C St Se Apt 301, Washington, DC 20019",$1388/m Estimated Rental Value,2 bed,1 bath,635 sqft.,Condo
"$232,345","8th St Se Apt 6, Washington, DC 20032",$1291/m Estimated Rental Value,1 bed,1 bath,537 sqft.,Condo
"$409,052","Danbury St Sw, Washington, DC 20032",$1500/m Estimated Rental Value,3 bed,4 bath,"1,152 sqft.",Townhome
,"Barnaby St Se, Washington, DC 20032",*Rental Value Coming Soon,3 bed,2.5 bath,0 sqft.,Single-Family
"$1,131,346","Adams St Ne, Washington, DC 20018",$3360/m Estimated Rental Value,4 bed,4 bath,"3,360 sqft.",Multi-Family
,"K St Nw Ste 300, Washington, DC 20006",*Rental Value Coming Soon,,,,
"$291,272","Jay St Ne, Washington, DC 20019",$1620/m Estimated Rental Value,2 bed,1 bath,776 sqft.,Single-Family
"$92,660","C St Se Apt 103, Washington, DC 20019",$1388/m Estimated Rental Value,1 bed,1 bath,502 sqft.,Condo
,"Hawthorne Ct Ne, Washington, DC 20017",*Rental Value Coming Soon,1 bed,1 bath,602 sqft.,Condo
"$851,786","Vermont Ave Nw, Washington, DC 20001",$2900/m Estimated Rental Value,3 bed,2 bath,"1,614 sqft.",Townhome
"$107,977","C St Se Apt 201, Washington, DC 20019",$1388/m Estimated Rental Value,2 bed,1 bath,635 sqft.,Condo
,"Trenton Pl Se, Washington, DC 20032",*Rental Value Coming Soon,4 bed,4 bath,"1,872 sqft.",Townhome
"$343,821","28th St Se, Washington, DC 20020",$2080/m Estimated Rental Value,3 bed,4 bath,"1,200 sqft.",Single-Family
"$364,228","P St Se, Washington, DC 20020",$1580/m Estimated Rental Value,2 bed,1 bath,"1,216 sqft.",Single-Family
,"Hawthorne Ct Ne, Washington, DC 20017",*Rental Value Coming Soon,1 bed,1 bath,,Condo
"$92,660","C St Se Apt 103, Washington, DC 20019",$1388/m Estimated Rental Value,,,,
"$107,977","C St Se Apt 201, Washington, DC 20019",$1388/m Estimated Rental Value,,,,
"$1,158,000","Chapin St Nw, Washington, DC 20009",$3230/m Estimated Rental Value,6 bed,3.5 bath,"2,706 sqft.",Multi-Family
"$107,977","C St Se Apt 301, Washington, DC 20019",$1388/m Estimated Rental Value,,,,
"$436,812","Pope St Se, Washington, DC 20020",$2070/m Estimated Rental Value,3 bed,3 bath,"1,088 sqft.",Single-Family
"$768,790","Owen Pl Ne, Washington, DC 20002",$1890/m Estimated Rental Value,3 bed,1 bath,"1,310 sqft.",Townhome
"$249,700","K St Nw Unit 920, Washington, DC 20001",*Rental Value Coming Soon,1 bed,1 bath,729 sqft.,Condo
"$508,725","New York Ave Nw Apt 402, Washington, DC 20001",$2200/m Estimated Rental Value,2 bed,1 bath,842 sqft.,Condo
"$654,000","Jefferson St Nw, Washington, DC 20011",$2780/m Estimated Rental Value,6 bed,5 bath,"1,450 sqft.",Multi-Family
"$841,500","15th St Ne, Washington, DC 20002",$2650/m Estimated Rental Value,4 bed,2 bath,"1,188 sqft.",Townhome
"$851,786","7th St Nw, Washington, DC 20011",$2260/m Estimated Rental Value,3 bed,2 bath,"1,296 sqft.",Townhome
"$308,723","Grant St Ne, Washington, DC 20019",$1790/m Estimated Rental Value,3 bed,2 bath,"1,152 sqft.",Single-Family
"$261,768","Georgia Ave Nw Apt 308, Washington, DC 20012",$1620/m Estimated Rental Value,1 bed,1 bath,606 sqft.,Condo
"$277,000","Holbrook Ter Ne, Washington, DC 20002",$2040/m Estimated Rental Value,8 bed,4 bath,"3,164 sqft.",Multi-Family
"$1,301,966","Warren St Nw, Washington, DC 20016",$4690/m Estimated Rental Value,5 bed,4 bath,"2,235 sqft.",Single-Family
"$240,247","Halley Pl Se Apt 204, Washington, DC 20032",$1311/m Estimated Rental Value,,,,
"$4,280,769","21st Pl Se, Washington, DC 20020",$1950/m Estimated Rental Value,4 bed,4 bath,"2,800 sqft.",Multi-Family
,"8th St S 6, Washington, DC 20032",*Rental Value Coming Soon,1 bed,1 bath,,Condo
,"Barnaby St Se # A, Washington, DC 20032",*Rental Value Coming Soon,3 bed,2.5 bath,"1,664 sqft.",Single-Family
"$1,131,346","Adams St Ne, Washington, DC 20018",$3360/m Estimated Rental Value,4 bed,4 bath,"2,720 sqft.",Multi-Family
"$409,052","Danbury St Sw, Washington, DC 20032",$1500/m Estimated Rental Value,3 bed,3 bath,"1,152 sqft.",Condo
"$407,997","Perry St Ne, Washington, DC 20018",$2340/m Estimated Rental Value,3 bed,1 bath,"1,140 sqft.",Single-Family
"$240,247","Halley Pl Se Apt 204, Washington, DC 20032",$1311/m Estimated Rental Value,3 bed,1 bath,934 sqft.,Condo
"$4,280,769","21st Pl Se, Washington, DC 20020",$1950/m Estimated Rental Value,4 bed,4 bath,"14,137 sqft.",Multi-Family
"$467,478","Connecticut Ave Nw Apt T6, Washington, DC 20008",$2130/m Estimated Rental Value,1 bed,1 bath,707 sqft.,Condo
,"8th St, Se, Unit #6, Washington, DC 20032",*Rental Value Coming Soon,1 bed,1 bath,,Condo
,"Adams Street Ne, Washington, DC 20018",*Rental Value Coming Soon,4 bed,4 bath,"2,720 sqft.",Multi-Family
"$409,052","Danbury St Sw, Washington, DC 20032",$1500/m Estimated Rental Value,,,,
,"Barnaby Street Se, Washington, DC 20032",*Rental Value Coming Soon,3 bed,2.5 bath,"1,664 sqft.",Single-Family
,"14th St Nw, Washington, DC 20011",*Rental Value Coming Soon,,,0 sqft.,Condo
"$404,975","New York Ave Nw Apt 304, Washington, DC 20001",$1880/m Estimated Rental Value,1 bed,1 bath,,Condo
"$780,865","Morse St Ne, Washington, DC 20002",$1880/m Estimated Rental Value,3 bed,2 bath,"1,836 sqft.",Townhome
"$508,725","New York Ave Nw Apt 402, Washington, DC 20001",$2200/m Estimated Rental Value,2 bed,1 bath,842 sqft.,Condo
"$768,790","Owen Pl Ne, Washington, DC 20002",$1890/m Estimated Rental Value,3 bed,1 bath,"1,310 sqft.",Townhome
"$841,500","15th St Ne, Washington, DC 20002",$2650/m Estimated Rental Value,4 bed,2 bath,"1,188 sqft.",Townhome
,"K St Nw, Washington, DC 20005",*Rental Value Coming Soon,,,,
"$436,812","Pope St Se, Washington, DC 20020",$2070/m Estimated Rental Value,3 bed,2 bath,"2,176 sqft.",Single-Family
"$249,700","K St Nw Unit 920, Washington, DC 20001",*Rental Value Coming Soon,,,,Condo
"$654,000","Jefferson St Nw, Washington, DC 20011",$2780/m Estimated Rental Value,6 bed,5 bath,"1,280 sqft.",Single-Family
,"14th Street Nw, Washington, DC 20011",*Rental Value Coming Soon,,,,Condo
"$468,752","Southern Ave Se, Washington, DC 20019",$1880/m Estimated Rental Value,3 bed,2 bath,"1,802 sqft.",Single-Family
,"14th St Nw, Washington, DC 20011",*Rental Value Coming Soon,1 bed,1 bath,,Condo
"$407,997","Perry St Ne, Washington, DC 20018",$2340/m Estimated Rental Value,3 bed,1 bath,"1,140 sqft.",Single-Family
"$467,478","Connecticut Ave Nw Apt T6, Washington, DC 20008",$2130/m Estimated Rental Value,,,,Condo
"$665,000","Monroe St Nw, Washington, DC 20010",*Rental Value Coming Soon,2 bed,2 bath,,
,"Barnaby Street Se, Washington, DC 20032",*Rental Value Coming Soon,3 bed,2.5 bath,"1,664 sqft.",Single-Family
"$315,512","Barnaby St Se, Washington, DC 20032",$1380/m Estimated Rental Value,3 bed,2.5 bath,"1,664 sqft.",Single-Family
"$261,768","Georgia Ave Nw Apt 308, Washington, DC 20012",$1620/m Estimated Rental Value,1 bed,1 bath,,Condo
"$1,301,966","Warren St Nw, Washington, DC 20016",$4690/m Estimated Rental Value,5 bed,3.5 bath,"2,233 sqft.",Single-Family
"$308,723","Grant St Ne, Washington, DC 20019",$1790/m Estimated Rental Value,3 bed,1 bath,"1,152 sqft.",Single-Family
"$851,786","Vermont Ave Nw, Washington, DC 20001",$2900/m Estimated Rental Value,3 bed,1.5 bath,"1,614 sqft.",Townhome
,"Trenton Pl Se, Washington, DC 20032",*Rental Value Coming Soon,,,,Single-Family
"$1,183,992","Connecticut Ave Nw, Washington, DC 20008",$5220/m Estimated Rental Value,,,,Multi-Family
"$265,000","Cathedral Ave Nw #e506, Washington, DC 20016",*Rental Value Coming Soon,1 bed,1 bath,,
,"Trenton Pl Se, Washington, DC 20032",*Rental Value Coming Soon,4 bed,3.5 bath,"1,872 sqft.",Single-Family
"$240,247","Halley Pl Se Apt 204, Washington, DC 20032",$1311/m Estimated Rental Value,3 bed,1 bath,934 sqft.,Condo
,"Fort Lincoln Dr Ne, Washington, DC 20018",*Rental Value Coming Soon,,,,
"$851,786","7th St Nw, Washington, DC 20011",$2260/m Estimated Rental Value,3 bed,2 bath,"1,116 sqft.",Single-Family
"$277,000","Holbrook Ter Ne, Washington, DC 20002",$2040/m Estimated Rental Value,8 bed,4 bath,"3,164 sqft.",
"$308,723","Grant St Ne, Washington, DC 20019",$1790/m Estimated Rental Value,3 bed,1.5 bath,"1,152 sqft.",Single-Family
"$498,612","47th St Ne, Washington, DC 20019",$2040/m Estimated Rental Value,5 bed,2 bath,"2,363 sqft.",Single-Family
"$598,000","9th St Nw, Washington, DC 20011",$2530/m Estimated Rental Value,3 bed,2 bath,"1,604 sqft.",Townhome
"$440,380","Bruce Pl Se, Washington, DC 20020",$1580/m Estimated Rental Value,,,,
"$1,980,000","Reservoir Rd Nw, Washington, DC 20007",$4600/m Estimated Rental Value,4 bed,2 bath,"1,496 sqft.",Townhome
"$1,980,000","Reservoir Rd Nw, Washington, DC 20007",$4600/m Estimated Rental Value,4 bed,1.5 bath,"1,496 sqft.",Single-Family
"$6,071,703","8th St Nw, Washington, DC 20001",$2720/m Estimated Rental Value,2 bed,1 bath,"1,319 sqft.",Townhome
"$1,061,557","Euclid St Nw, Washington, DC 20009",$2920/m Estimated Rental Value,,,,
"$368,379","Douglas St Ne, Washington, DC 20019",$1920/m Estimated Rental Value,2 bed,2 bath,"1,307 sqft.",Single-Family
"$432,726","Rhode Island Ave Nw Ap..., Washington, DC 20005",$2220/m Estimated Rental Value,1 bed,1 bath,,Single-Family
"$127,143","Quarles St Ne Apt 103, Washington, DC 20019",$1398/m Estimated Rental Value,,,,Condo
"$363,319","Southern Ave Se, Washington, DC 20019",$1900/m Estimated Rental Value,3 bed,1 bath,"1,024 sqft.",Townhome
"$1,574,900","19th St Nw, Washington, DC 20036",$4960/m Estimated Rental Value,8 bed,6 bath,"2,515 sqft.",Single-Family
"$596,769","10th St Ne, Washington, DC 20018",$2320/m Estimated Rental Value,3 bed,2 bath,"1,310 sqft.",Townhome
"$489,737","21st St Ne, Washington, DC 20018",$2360/m Estimated Rental Value,3 bed,2 bath,"1,408 sqft.",Single-Family
"$1,456,080","14th St Nw, Washington, DC 20011",$3660/m Estimated Rental Value,5 bed,5 bath,"2,624 sqft.",Single-Family
"$384,240","G St Se, Washington, DC 20019",$2020/m Estimated Rental Value,3 bed,1 bath,832 sqft.,Single-Family
"$602,656","Farragut St Nw, Washington, DC 20011",$2480/m Estimated Rental Value,3 bed,2 bath,"1,504 sqft.",Townhome
"$414,673","51st St Ne, Washington, DC 20019",$1790/m Estimated Rental Value,3 bed,3 bath,"2,112 sqft.",Single-Family
"$180,262","Gainesville St Se Apt 201, Washington, DC 20020",$1470/m Estimated Rental Value,2 bed,1 bath,839 sqft.,Condo
"$284,044","Clay Pl Ne, Washington, DC 20019",$1420/m Estimated Rental Value,2 bed,1 bath,832 sqft.,Townhome
,"A St Se, Washington, DC 20019",*Rental Value Coming Soon,2 bed,1 bath,902 sqft.,Land
"$1,269,789","16th St Nw, Washington, DC 20011",$3650/m Estimated Rental Value,5 bed,5 bath,"2,670 sqft.",Single-Family
"$578,811","K St Se, Washington, DC 20003",$2600/m Estimated Rental Value,3 bed,1 bath,"1,290 sqft.",Townhome
"$608,220","Varnum Pl Ne, Washington, DC 20017",$2170/m Estimated Rental Value,3 bed,2 bath,"1,188 sqft.",Single-Family
"$332,880","Longfellow St Nw Apt 208, Washington, DC 20011",$1730/m Estimated Rental Value,2 bed,1 bath,720 sqft.,Condo
"$482,405","Clay Pl Ne, Washington, DC 20019",$1990/m Estimated Rental Value,3 bed,3 bath,"1,175 sqft.",Single-Family
"$565,898","Gallatin St Nw, Washington, DC 20011",$2350/m Estimated Rental Value,3 bed,1 bath,"1,228 sqft.",Townhome
"$346,821","Alabama Ave Se, Washington, DC 20020",$1580/m Estimated Rental Value,3 bed,2 bath,"1,152 sqft.",Townhome
"$242,899","M St Sw # N802, Washington, DC 20024",$1470/m Estimated Rental Value,,1 bath,461 sqft.,Condo
"$376,117","Grant Pl Ne, Washington, DC 20019",$1490/m Estimated Rental Value,2 bed,1 bath,837 sqft.,Condo
"$852,300","12th St Nw, Washington, DC 20012",$3140/m Estimated Rental Value,3 bed,3 bath,"1,638 sqft.",Single-Family
,"1st St Se Apt 604, Washington, DC 20003",*Rental Value Coming Soon,,,,
,"K St Nw Ste 300, Washington, DC 20006",*Rental Value Coming Soon,,,,
,"14th St Nw # 200, Washington, DC 20011",*Rental Value Coming Soon,,,,Commercial
"$529,238","Vermont Ave Nw Apt 620, Washington, DC 20001",$2320/m Estimated Rental Value,1 bed,1 bath,729 sqft.,Condo
"$269,175","Macarthur Blvd Nw Apt 201, Washington, DC 20007",$1830/m Estimated Rental Value,1 bed,1 bath,583 sqft.,Condo
"$466,866","E Capitol St Se, Washington, DC 20019",$1880/m Estimated Rental Value,3 bed,2 bath,"1,728 sqft.",Single-Family
"$478,491","Nicholson St Ne, Washington, DC 20011",$2210/m Estimated Rental Value,3 bed,2 bath,"1,118 sqft.",Single-Family
"$837,143","Lawrence St Ne, Washington, DC 20017",$3030/m Estimated Rental Value,3 bed,2 bath,"1,392 sqft.",Single-Family
"$383,874","Bass Pl Se, Washington, DC 20019",$1760/m Estimated Rental Value,2 bed,1 bath,800 sqft.,Single-Family
"$334,080","Douglass Rd Se Apt 402, Washington, DC 20020",$1530/m Estimated Rental Value,2 bed,2 bath,937 sqft.,Condo
"$393,132","Ord St Ne, Washington, DC 20019",$1920/m Estimated Rental Value,3 bed,1 bath,"1,529 sqft.",Single-Family
,"Florida Ave Nw # 205, Washington, DC 20001",*Rental Value Coming Soon,,,,Commercial
,"2nd St Nw Apt 2, Washington, DC 20001",*Rental Value Coming Soon,,,,
,"Harvard St Nw Apt D, Washington, DC 20009",*Rental Value Coming Soon,,,,
,"Georgia Ave Nw Apt 1, Washington, DC 20012",*Rental Value Coming Soon,,,,
"$480,150","T Pl Se, Washington, DC 20020",$1620/m Estimated Rental Value,2 bed,2 bath,900 sqft.,Townhome
,"Quincy St Nw Apt 411, Washington, DC 20011",*Rental Value Coming Soon,,,,
"$395,000","Eastern Ave Ne, Washington, DC 20011",$2060/m Estimated Rental Value,3 bed,1 bath,"1,024 sqft.",Single-Family
"$237,024","3rd St Sw Apt 707, Washington, DC 20024",$1600/m Estimated Rental Value,,,,Condo
"$413,359","N Capitol St Nw, Washington, DC 20012",$2000/m Estimated Rental Value,2 bed,1 bath,896 sqft.,Single-Family
"$628,803","Dahlia St Nw, Washington, DC 20012",$2840/m Estimated Rental Value,5 bed,1.5 bath,"1,296 sqft.",Single-Family
"$413,359","N Capitol St Nw, Washington, DC 20012",$2000/m Estimated Rental Value,2 bed,1 bath,896 sqft.,Single-Family
,"Rhode Island Ave Ne Ap..., Washington, DC 20002",*Rental Value Coming Soon,,,,
"$252,598","Connecticut Ave Nw Apt..., Washington, DC 20008",$1680/m Estimated Rental Value,1 bed,1 bath,160 sqft.,Condo
,"H St Ne # 849, Washington, DC 20002",*Rental Value Coming Soon,,,,
"$84,075","Good Hope Rd Se Apt 207, Washington, DC 20020",$1450/m Estimated Rental Value,1 bed,1 bath,,Condo
,"7th St Ne, Washington, DC 20002",*Rental Value Coming Soon,,,,
"$486,212","Anacostia Rd Se, Washington, DC 20019",$1850/m Estimated Rental Value,4 bed,2 bath,"1,008 sqft.",Single-Family
,"7th St Ne, Washington, DC 20002",*Rental Value Coming Soon,,,,
,"7th St Ne, Washington, DC 20002",*Rental Value Coming Soon,,,,
"$987,017","Pennsylvania Ave Se, Washington, DC 20003",*Rental Value Coming Soon,,1.5 bath,,Commercial
,"Connecticut Ave Nw Ste..., Washington, DC 20015",*Rental Value Coming Soon,,,,
"$432,726","Rhode Island Ave Nw Ap..., Washington, DC 20005",$2220/m Estimated Rental Value,1 bed,1 bath,604 sqft.,Single-Family
